player,matches,ace,dfs,svpt,svgms,last,ace_pct,df_pct,ace_pct_raw,ace_hard,n_hard,ace_clay,n_clay,ace_grass,n_grass,ret_matches,ace_conc,svpt_faced,conceded_pct,ret_mult
Aaron Gil Garcia,1.0,2.0,4.0,96.0,14.0,20250912.0,0.0676255363984605,0.03683846192769745,0.020833333333333332,,,0.04611178174506215,96.0,,,1,2.0,88.0,0.06873415174925494,0.8716450699182509
Abdullah Shelbayh,15.0,59.0,53.0,1033.0,151.0,20250217.0,0.06318371671572673,0.046944785147339796,0.057115198451113264,0.07739525638491643,653.0,0.0448520176359622,266.0,0.08229886374548706,114.0,15,81.0,953.0,0.08317979752670836,1.0548360398110181
Adam Moundir,1.0,1.0,4.0,74.0,11.0,20230403.0,0.06865456973341015,0.038548263958096914,0.013513513513513514,,,0.046142286383018614,74.0,,,1,8.0,80.0,0.08237972094507585,1.0446899510008865
Adam Neff,1.0,4.0,8.0,72.0,8.0,20240205.0,0.07530141113058561,0.047186180330800714,0.05555555555555555,0.08368051901126482,72.0,,,,,1,8.0,38.0,0.09027914624117903,1.1448656997269988
Adam Walton,48.0,318.0,112.0,4034.0,630.0,20260106.0,0.0788322656864313,0.02847809587644067,0.07882994546355974,0.08679103452690609,2901.0,0.05753149482649708,519.0,0.0722895620958386,614.0,54,545.0,4463.0,0.1185569126164171,1.5034672831028137
Adolfo Daniel Vallejo,3.0,9.0,10.0,194.0,33.0,20240203.0,0.06825297315427005,0.0408617459867642,0.04639175257731959,,,0.05028862583426064,194.0,,,8,23.0,533.0,0.05845902042190398,0.741342049711922
Adria Soriano Barrera,3.0,28.0,17.0,270.0,41.0,20250912.0,0.08886905381139763,0.046674443456922295,0.1037037037037037,0.0918917094334328,106.0,0.0671479499034589,164.0,,,3,12.0,269.0,0.06508559948226668,0.8253763299262155
Adrian Andreev,7.0,8.0,21.0,524.0,78.0,20210927.0,0.04279466023120824,0.03817302718196747,0.015267175572519083,0.04707489715726948,524.0,,,,,7,45.0,489.0,0.08609928689947853,1.0918592437597223
Adrian Mannarino,352.0,1724.0,813.0,27109.0,4197.0,20260826.0,0.06381701501521816,0.03007277171529819,0.06359511601313217,0.06958919164283328,19251.0,0.03525250407637925,2972.0,0.06286447521096866,4886.0,328,2437.0,25392.0,0.09570961019128553,1.2137315692986044
Adrian Menendez-Maceiras,4.0,16.0,11.0,274.0,43.0,20190408.0,0.07053748672646351,0.03749536664115421,0.058394160583941604,0.081526925291389,109.0,0.05463972344345278,165.0,,,4,35.0,277.0,0.09828990554451464,1.2464533192051128
Aisam-Ul-Haq Qureshi,4.0,47.0,34.0,340.0,54.0,20240203.0,0.10613819736977893,0.06523226637315938,0.13823529411764707,,,,,0.11527245400700047,340.0,4,44.0,341.0,0.1019463779401301,1.2928224974930365
Ajeet Rai,4.0,28.0,19.0,318.0,47.0,20240914.0,0.08292794714991143,0.04633966172164058,0.0880503144654088,0.0884362186257897,318.0,,,,,4,11.0,283.0,0.06228735879009723,0.7898907286392167
Alan Fernando Rubio Fierros,2.0,9.0,6.0,151.0,21.0,20240914.0,0.0735794302243855,0.03679106554652983,0.059602649006622516,0.0807571778100127,151.0,,,,,2,9.0,118.0,0.07826692288346797,0.9925339257538197
Alan Magadan,1.0,2.0,4.0,69.0,10.0,20250714.0,0.07151869094591985,0.03895922626042204,0.028985507246376812,0.07995139653159275,69.0,,,,,1,5.0,85.0,0.075344878461106,0.955478320206734
Alastair Gray,4.0,21.0,19.0,334.0,48.0,20220627.0,0.07158346873792426,0.045329532855773756,0.06287425149700598,,,,,0.08079239232313398,334.0,4,14.0,338.0,0.0617103876065534,0.7825739279684886
Albert Ramos-Vinolas,226.0,599.0,468.0,17975.0,2745.0,20240826.0,0.0343152253634632,0.02624608855053812,0.0333240611961057,0.0416871674170973,5561.0,0.03150494544555324,11721.0,0.05791547663785942,693.0,226,1451.0,17879.0,0.0811063113985249,1.0285413389210114
Alec Beckley,1.0,2.0,1.0,56.0,9.0,20240914.0,0.07355760099481669,0.033490958588021785,0.03571428571428571,,,0.050156674880593916,56.0,,,1,1.0,60.0,0.07074405663834002,0.8971334718696808
Alejandro Davidovich Fokina,332.0,1116.0,774.0,27354.0,4211.0,20260716.0,0.041346914536774394,0.028402099773587156,0.04079842070629524,0.04908831529138606,15398.0,0.02390992393986791,8754.0,0.06005042086762364,3202.0,309,1955.0,25197.0,0.07760840200232982,0.9841829609877708
Alejandro Gonzalez,3.0,5.0,6.0,177.0,25.0,20220304.0,0.06333148362848598,0.03513323590318533,0.02824858757062147,0.07566514362704406,122.0,0.048069107133078735,55.0,,,3,22.0,140.0,0.09915234454377113,1.2573902505947592
Alejandro Moro Canas,4.0,10.0,7.0,350.0,45.0,20241229.0,0.05538968807151522,0.028362502821517248,0.02857142857142857,0.07844603550903137,78.0,0.05132862568241404,143.0,0.07429417006650349,129.0,4,30.0,258.0,0.09352927971677266,1.1860819328291725
Alejandro Tabilo,142.0,982.0,374.0,11417.0,1769.0,20260114.0,0.08576984565064198,0.03285705992351171,0.0860120872383288,0.10223769868655862,6168.0,0.056897906663363244,3974.0,0.09331439759115245,1275.0,152,1237.0,11769.0,0.10424375594162515,1.3219564601270264
Aleksandar Kovacevic,89.0,814.0,304.0,7274.0,1140.0,20260113.0,0.1101827294831426,0.041474052269499344,0.11190541655210338,0.12052828840043495,5387.0,0.07209667652745429,1332.0,0.09036818425673335,555.0,100,932.0,7856.0,0.11670812331076022,1.4800220518373988
Aleksandar Vukic,140.0,1248.0,276.0,11689.0,1818.0,20260115.0,0.10584351609344334,0.02401123973166829,0.10676704594062794,0.1103634582960951,8149.0,0.07914483984346136,1481.0,0.10179000242585619,2059.0,142,1191.0,11592.0,0.10194648649546668,1.2928238741263625
Aleksandre Bakshi,3.0,10.0,12.0,198.0,30.0,20240914.0,0.06946867233049567,0.043932904876484845,0.050505050505050504,0.07608228256407525,198.0,,,,,3,7.0,183.0,0.06611023336815851,0.838370119074395
Aleksandre Metreveli,6.0,16.0,20.0,395.0,56.0,20220103.0,0.05980159252029737,0.04310927939136847,0.04050632911392405,0.06477635845700251,395.0,,,,,6,31.0,311.0,0.08796380598261098,1.1155039505789714
Alen Avidzba,2.0,12.0,8.0,139.0,21.0,20191014.0,0.08078342496036439,0.04132073676463439,0.08633093525179857,0.08812097397646938,139.0,,,,,2,9.0,142.0,0.07480122888124799,0.9485840840230233
Alessandro Giannessi,8.0,34.0,33.0,933.0,131.0,20230403.0,0.049168991788174354,0.035462773530486075,0.03644158628081458,,,0.04116387377760752,933.0,,,8,41.0,814.0,0.05975474963231994,0.757773706311516
Alex Bolt,39.0,260.0,103.0,3189.0,503.0,20250630.0,0.08123217220775604,0.032675362807505694,0.08153026026967701,0.0825557976046653,2283.0,,,0.08598898619079659,906.0,39,334.0,3216.0,0.10109022844403662,1.2819653257903103
Alex Hernandez,5.0,8.0,12.0,333.0,56.0,20250714.0,0.05394579270618883,0.035841578603189546,0.024024024024024024,0.059341343756230555,333.0,,,,,5,43.0,335.0,0.10141804905256654,1.2861225490915467
Alex Knaff,5.0,14.0,17.0,340.0,55.0,20250912.0,0.061543602775184336,0.0422592934001864,0.041176470588235294,0.08408174497887341,153.0,0.04066685476243752,187.0,,,5,24.0,346.0,0.07445343975018286,0.9441736319588155
Alex Michelsen,136.0,648.0,337.0,10644.0,1644.0,20260114.0,0.061530447849840304,0.03180658068780677,0.060879368658399095,0.06562064084165391,7410.0,0.04131460332666516,1267.0,0.0681460143494636,1967.0,152,1046.0,11836.0,0.0880632777095159,1.1167653910441018
Alex Molcan,90.0,307.0,223.0,7313.0,1127.0,20250912.0,0.04389242396650284,0.0307625926508671,0.04198003555312457,0.05347590010999322,2994.0,0.03548001078805199,3655.0,0.07171204508005671,664.0,94,576.0,7480.0,0.07709927234183203,0.9777264856079483
Alex Rybakov,1.0,7.0,2.0,103.0,14.0,20230206.0,0.07662478340683183,0.03234965629450882,0.06796116504854369,0.0844874850364155,103.0,,,,,1,10.0,90.0,0.08478013480333961,1.0751305522459833
Alex de Minaur,456.0,1756.0,1175.0,35078.0,5564.0,20260819.0,0.05038452748333154,0.03352139007599464,0.050059866583043504,0.05619244991196775,23758.0,0.029965733694985133,6270.0,0.053816810268840436,5050.0,410,2101.0,32601.0,0.06462053471269466,0.8194786589246306
Alexandar Lazarov,6.0,23.0,17.0,398.0,58.0,20231106.0,0.06834870432786518,0.039187815935009945,0.05778894472361809,0.07330476813698872,398.0,,,,,6,29.0,354.0,0.08029478256450452,1.018250019551117
Alexander Blockx,14.0,79.0,30.0,1088.0,167.0,20251222.0,0.0742891572941105,0.029752605588802376,0.07261029411764706,0.08021381652756618,990.0,,,0.08293497181763122,98.0,24,128.0,1935.0,0.06832645227136463,0.8664748709579475
Alexander Bublik,378.0,4632.0,2329.0,30214.0,4765.0,20260725.0,0.1523336468953301,0.07654249288286856,0.15330641424505195,0.15378550845934033,18038.0,0.11270697700491712,6830.0,0.18731319456407594,5346.0,357,2029.0,27770.0,0.07314669031074322,0.9276022234592796
Alexander Erler,2.0,2.0,10.0,157.0,21.0,20210726.0,0.06021950817528979,0.04357608099845231,0.012738853503184714,,,0.04106183796328694,157.0,,,2,3.0,140.0,0.06396715935858595,0.8111929466299251
Alexander Ritschard,11.0,44.0,35.0,896.0,135.0,20250331.0,0.05828878553521328,0.03801842370072372,0.049107142857142856,0.08767330959449762,233.0,0.04858410160083147,503.0,0.07018145708067919,160.0,11,59.0,833.0,0.07343249477180569,0.9312266233115473
Alexander Sarkissian,1.0,4.0,2.0,74.0,14.0,20210719.0,0.07498368365746078,0.03432885467539649,0.05405405405405406,0.0833274366525675,74.0,,,,,1,8.0,76.0,0.08307198750763951,1.0534688581521543
Alexander Shevchenko,119.0,592.0,320.0,9346.0,1428.0,20260115.0,0.06397930084687424,0.034298366213435044,0.06334260646265782,0.07244295472878193,5653.0,0.04801752105649015,3221.0,0.085208275189427,472.0,127,716.0,9732.0,0.07378032629822703,0.9356376130081007
Alexander Vasilev,2.0,1.0,11.0,148.0,22.0,20250912.0,0.05938369717816863,0.04611656408054368,0.006756756756756757,,,0.03991139369626063,148.0,,,2,3.0,143.0,0.06361374963837277,0.8067112176430196
Alexander Zgirovsky,1.0,1.0,2.0,54.0,7.0,20210918.0,0.07167900011814188,0.03584113902233026,0.018518518518518517,,,0.04817498622368023,54.0,,,1,2.0,38.0,0.07658051610419271,0.9711479317810647
Alexander Zverev,520.0,4738.0,1709.0,40966.0,6866.0,20260819.0,0.11530102659318368,0.04165913738616588,0.1156568861983108,0.12493271628046612,23793.0,0.08596565771367962,13069.0,0.14482717938836154,4104.0,485,2463.0,40971.0,0.060296881053241075,0.7646486901189478
Alexandr Cozbinov,3.0,4.0,5.0,237.0,34.0,20200103.0,0.05579633603396611,0.030254124201158455,0.016877637130801686,0.062005031355285706,237.0,,,,,3,17.0,220.0,0.07829397750586518,0.9928770161627486
Alexandre Muller,119.0,464.0,265.0,9649.0,1469.0,20260113.0,0.04931259489040068,0.0277910117540191,0.04808788475489688,0.05778711592448089,5250.0,0.03866247945006344,3554.0,0.06369607708046614,845.0,126,913.0,9776.0,0.0928205843213086,1.1770946851246613
Alexandros Skorilas,1.0,3.0,5.0,66.0,10.0,20210918.0,0.07412503444986354,0.04135595947669085,0.045454545454545456,0.08261202783973605,66.0,,,,,1,2.0,74.0,0.07076427437476036,0.8973898610128828
Alexei Popyrin,269.0,2522.0,891.0,22703.0,3521.0,20260811.0,0.11052860087666695,0.03918416989638306,0.11108664053208828,0.11845720478095768,14445.0,0.08544323440777937,5661.0,0.11354741940780126,2597.0,248,1657.0,21106.0,0.07851493843827939,0.9956791094814528
Alexey Vatutin,5.0,4.0,13.0,376.0,57.0,20241014.0,0.045801889244376816,0.035144171541414866,0.010638297872340425,0.06437659694534614,198.0,0.03783986807188724,178.0,,,5,19.0,381.0,0.06471480928762664,0.8206741922420108
Alexis Galarneau,7.0,34.0,22.0,540.0,86.0,20250727.0,0.06972581495067703,0.03858710331504036,0.06296296296296296,0.07786557959404801,454.0,0.04911819700730622,86.0,,,9,75.0,762.0,0.09168869712016903,1.1627407740998181
Alexis Klegou,1.0,0.0,3.0,72.0,11.0,20220304.0,0.06682683485939916,0.036592959991817664,0.0,0.07520594274007839,72.0,,,,,1,4.0,56.0,0.07794356590709739,0.9884333075443262
Alibek Kachmazov,11.0,50.0,33.0,739.0,120.0,20250714.0,0.07159110276877648,0.041502964983439805,0.06765899864682003,0.07506339330405355,739.0,,,,,11,60.0,812.0,0.07552992248649869,0.9578249369663291
Aljaz Bedene,99.0,885.0,357.0,8410.0,1306.0,20220829.0,0.10403430942720049,0.04214209728900544,0.10523186682520809,0.1281423771564745,3935.0,0.07143230144641388,3434.0,0.10430368908062482,1041.0,99,719.0,8300.0,0.08626922598317659,1.0940143087561192
Altug Celikbilek,14.0,80.0,54.0,985.0,154.0,20240202.0,0.08053593216869055,0.04929377409107432,0.08121827411167512,0.08722326498886272,649.0,0.048420778388541225,93.0,0.09222646339841423,243.0,14,85.0,949.0,0.0863915982606645,1.0955661601960864
Alvaro Guillen Meza,4.0,6.0,15.0,261.0,43.0,20250912.0,0.056796166495667794,0.04428423164317388,0.022988505747126436,,,0.04065271368464572,261.0,,,4,7.0,320.0,0.053530925074495014,0.6788469158616282
Alvaro Lopez San Martin,1.0,4.0,3.0,63.0,8.0,20230522.0,0.07676515346357755,0.03730427022923961,0.06349206349206349,,,0.053718021048705884,63.0,,,1,3.0,45.0,0.07762306978345261,0.9843689689441788
Amir Omarkhanov,1.0,2.0,1.0,59.0,8.0,20251013.0,0.07307683236086364,0.03327206343385171,0.03389830508474576,0.08169325702247712,59.0,,,,,1,5.0,37.0,0.08362074611816113,1.060427883982302
Amir Weintraub,1.0,0.0,2.0,38.0,6.0,20190819.0,0.07201430605853061,0.03715040437474415,0.0,0.08104384697104337,38.0,,,,,1,6.0,29.0,0.08751110968213616,1.109763129045033
Amr Elsayed Abdou Ah Mohamed,2.0,5.0,3.0,115.0,20.0,20240202.0,0.07095585641482798,0.033537625468229006,0.043478260869565216,,,0.05023581309815694,115.0,,,2,3.0,126.0,0.06566970732630496,0.8327836334223566
Andrea Arnaboldi,2.0,10.0,5.0,183.0,30.0,20210105.0,0.0712560309667863,0.0330563929950908,0.0546448087431694,0.07590527322533805,94.0,,,0.09468633121713772,89.0,2,23.0,169.0,0.09585635510305168,1.2155924997912533
Andrea Basso,1.0,6.0,1.0,60.0,9.0,20190513.0,0.08161362185573133,0.03319973286116942,0.1,,,0.05841618205554527,60.0,,,1,7.0,66.0,0.08270872543698801,1.0488621875973656
Andrea Collarini,2.0,0.0,4.0,112.0,18.0,20240722.0,0.06160598838600861,0.03568725999245691,0.0,,,0.04076453856552895,112.0,,,2,6.0,97.0,0.0755377586592282,0.9579243105841432
Andrea Pellegrino,5.0,9.0,10.0,370.0,57.0,20250714.0,0.052652293576151185,0.03152191833264667,0.024324324324324326,,,0.038794082786429644,370.0,,,8,49.0,594.0,0.08102843667367848,1.0275537786142916
Andrea Vavassori,25.0,126.0,90.0,1984.0,296.0,20260114.0,0.06608316529095487,0.043738203488312886,0.06350806451612903,0.08154916194973791,489.0,0.05404228194907934,1337.0,0.0973147239519361,158.0,25,69.0,1816.0,0.04537105868846408,0.5753684102633888
Andreas Seppi,84.0,507.0,229.0,7371.0,1145.0,20220606.0,0.06930153983446614,0.0313050929244805,0.06878306878306878,0.07044172513030734,4959.0,0.0486933900715114,1076.0,0.08773134560206242,1336.0,84,666.0,7283.0,0.09079035091157574,1.151348489131253
Andrej Martin,33.0,70.0,83.0,2675.0,392.0,20220131.0,0.033021875139393954,0.03163313076947575,0.026168224299065422,0.06944106880835386,428.0,0.026018679163411718,2247.0,,,33,88.0,2583.0,0.040074510913052766,0.5082007848758565
Andrej Nedic,2.0,3.0,7.0,173.0,21.0,20250912.0,0.06028318683008099,0.03712369479256184,0.017341040462427744,0.07529559231589758,98.0,0.046045144727475416,75.0,,,2,7.0,139.0,0.07150698711249798,0.9068084961416926
Andres Andrade,5.0,12.0,11.0,299.0,48.0,20250912.0,0.06229222611392906,0.0361543306382517,0.04013377926421405,0.08520986647498356,87.0,0.04390758781952749,212.0,,,5,15.0,327.0,0.06401962318244347,0.8118582612115511
Andres Martin,4.0,14.0,3.0,210.0,36.0,20240722.0,0.07465945254694493,0.028314552649406452,0.06666666666666667,0.08114295897265081,210.0,,,,,5,25.0,247.0,0.0873914467598708,1.1082456360144197
Andrew Harris,3.0,11.0,9.0,234.0,38.0,20210201.0,0.06710136601519938,0.03670643078255195,0.04700854700854701,0.07333944002100473,234.0,,,,,3,32.0,232.0,0.10054156021145001,1.275007446078642
Andrey Kuznetsov,4.0,28.0,16.0,361.0,57.0,20230821.0,0.07824213673276795,0.039779076368118185,0.07756232686980609,0.10423838555962546,142.0,0.045026565017044946,219.0,,,4,29.0,359.0,0.07976583142771596,1.0115421801601348
Andrey Rublev,505.0,3879.0,1181.0,39755.0,6458.0,20260818.0,0.09738618518375386,0.02976645192668753,0.09757263237328638,0.10744280168690586,25786.0,0.0715510983423167,10793.0,0.10047584339071039,3176.0,476,3724.0,39463.0,0.09421123011448301,1.1947300165977985
Andy Murray,148.0,985.0,381.0,12429.0,1934.0,20240617.0,0.07923784130124222,0.030810809659064457,0.07925014079974253,0.0807547738644448,10169.0,0.04892635046508436,558.0,0.08530048333262624,1702.0,148,1160.0,12638.0,0.09138995751293423,1.1589523385229092
Anthony Susanto,2.0,2.0,8.0,101.0,15.0,20240203.0,0.06695063084558166,0.044454844543189494,0.019801980198019802,0.07484472050562274,101.0,,,,,2,13.0,95.0,0.08998437586593214,1.1411275995569523
Antoine Bellier,7.0,55.0,35.0,499.0,75.0,20230206.0,0.09626503454242093,0.05480742727045377,0.11022044088176353,0.09444922872325302,177.0,,,0.10291082543653787,322.0,7,46.0,464.0,0.08974799311763473,1.1381299360676462
Antoine Escoffier,1.0,8.0,7.0,73.0,11.0,20240129.0,0.08359887114933702,0.044972256059488236,0.1095890410958904,0.09196026421420084,73.0,,,,,1,0.0,68.0,0.06739800438811198,0.8547008547008547
Antoine Hoang,19.0,65.0,99.0,1889.0,282.0,20210920.0,0.04217661251797135,0.04948531110359892,0.03440974060349391,0.052819688302701444,1124.0,0.03477467257922098,459.0,0.06983231723113363,306.0,19,147.0,1752.0,0.08296573701377156,1.0521214534515881
Aqeel Khan,6.0,43.0,27.0,525.0,77.0,20240914.0,0.08058623357149883,0.04461824553095993,0.08190476190476191,0.0821147712542973,81.0,,,0.09158959237580609,444.0,6,70.0,458.0,0.11834762943314267,1.5008132799577187
Arda Azkara,1.0,5.0,1.0,75.0,20.0,20250912.0,0.07693108642870823,0.03215132024450092,0.06666666666666667,0.08525727362803578,75.0,,,,,1,12.0,74.0,0.09186132078826247,1.1649298833768738
Aristotelis Thanos,3.0,6.0,14.0,206.0,32.0,20240203.0,0.06195093408190827,0.046653262567884386,0.02912621359223301,0.07742015853230783,136.0,0.04440732711819324,70.0,,,3,6.0,221.0,0.060454534707949134,0.7666479587122691
Arjun Kadhe,3.0,18.0,6.0,288.0,37.0,20220131.0,0.07200910763609944,0.02946493766880514,0.0625,0.07775756536819331,288.0,,,,,3,33.0,209.0,0.10598073243618458,1.343983748738514
Artem Dubrivnyy,1.0,2.0,1.0,68.0,10.0,20191014.0,0.07167150866161626,0.03263221606012379,0.029411764705882353,0.08012223284896794,68.0,,,,,1,5.0,54.0,0.08048957280536655,1.0207202319389117
Arthur Cazaux,61.0,566.0,158.0,5430.0,836.0,20251103.0,0.10249438525791361,0.029549207052510795,0.10423572744014734,0.10676514342985576,3295.0,0.08313272058587749,1487.0,0.10429543508127896,648.0,63,383.0,5284.0,0.07293143315510844,0.9248724619986574
Arthur De Greef,1.0,9.0,1.0,47.0,8.0,20190201.0,0.09069858177547295,0.03416527319046518,0.19148936170212766,,,0.06682649607505778,47.0,,,1,3.0,50.0,0.07676059123030314,0.9734315359559103
Arthur Fery,6.0,22.0,11.0,595.0,87.0,20251013.0,0.053811322666971265,0.025398871473505464,0.03697478991596639,0.0739589841682781,107.0,,,0.06565497293376166,488.0,12,99.0,1126.0,0.08554539059871324,1.0848350648396232
Arthur Fils,139.0,851.0,450.0,10855.0,1710.0,20250727.0,0.07841335104874601,0.04125027784239342,0.07839705204974666,0.09243840398795411,6464.0,0.051424786139403406,3370.0,0.08254863896212551,1021.0,155,876.0,11940.0,0.07354475413724768,0.9326502288984266
Arthur Gea,1.0,5.0,1.0,71.0,11.0,20250210.0,0.07758442898861234,0.0324243675501867,0.07042253521126761,0.08598132690725477,71.0,,,,,5,18.0,404.0,0.061619733897557726,0.7814243122897478
Arthur Rinderknech,213.0,2119.0,567.0,17312.0,2719.0,20260106.0,0.121417246276741,0.03281796957521104,0.12240064695009242,0.12423514411244828,10390.0,0.10045247788238332,4178.0,0.13145725698638053,2744.0,228,1456.0,18322.0,0.07945423918671277,1.0075907552311416
Aslan Karatsev,157.0,800.0,703.0,12908.0,1989.0,20241014.0,0.062484390295584336,0.05389779659724511,0.061977068484660676,0.07305875698172834,8011.0,0.04300302546694647,3713.0,0.06521566664468456,1184.0,157,1003.0,12791.0,0.07842788765473706,0.9945751839309637
Attila Balazs,26.0,74.0,116.0,2046.0,308.0,20230828.0,0.04314892316174833,0.05325914845304086,0.03616813294232649,0.06118053285962763,360.0,0.04139432754523018,1602.0,0.08120168587847179,84.0,26,113.0,1879.0,0.06342354807092428,0.8042991960447607
August Holmgren,9.0,113.0,48.0,836.0,133.0,20250924.0,0.11694358094954402,0.05038177760205335,0.13516746411483255,0.0842142715831821,259.0,0.0950925247222137,156.0,0.12095202919023185,421.0,9,78.0,855.0,0.08728467414632383,1.1068916101068909
Aziz Dougaz,10.0,57.0,36.0,721.0,115.0,20250224.0,0.0789850723047604,0.044845563885939285,0.07905686546463246,0.10130000589255568,444.0,0.04116904541440299,277.0,,,10,24.0,703.0,0.05035563558806565,0.638579809103605
Aziz Ouakaa,4.0,13.0,11.0,283.0,40.0,20250912.0,0.06521561647677367,0.03700128421103651,0.045936395759717315,0.07575311797977193,227.0,0.04796369242445356,56.0,,,4,16.0,257.0,0.07236265761588495,0.9176595935477183
Beibit Zhukayev,11.0,110.0,31.0,686.0,111.0,20251013.0,0.13033357831826556,0.04168681134082683,0.16034985422740525,0.13189288362418958,597.0,,,0.10695626986744447,89.0,11,52.0,692.0,0.07650390664252418,0.9701764167790892
Ben Patael,1.0,3.0,2.0,100.0,14.0,20200306.0,0.06908453210727282,0.03254375423227587,0.03,,,0.04774288749110165,100.0,,,1,3.0,93.0,0.07006544838465803,0.8885277711565103
Ben Shelton,189.0,1854.0,680.0,16249.0,2586.0,20260116.0,0.11325258370194224,0.04170051517305171,0.11409932918948859,0.11692964291680986,11124.0,0.07673739576637849,2778.0,0.1300697546287515,2347.0,202,1193.0,17198.0,0.0695841724090031,0.8824245194137655
Benedict Badza,1.0,11.0,4.0,82.0,11.0,20240203.0,0.08826196276688052,0.03790845874717414,0.13414634146341464,0.0964672302350975,82.0,,,,,1,2.0,83.0,0.06944568541125551,0.8806683108076737
Benjamin Balleret,2.0,7.0,3.0,107.0,18.0,20240914.0,0.0760202486265018,0.034066818769502835,0.06542056074766354,,,0.05497326182554403,107.0,,,2,8.0,105.0,0.07830151693789389,0.992972626693912
Benjamin Bonzi,133.0,843.0,307.0,11167.0,1743.0,20251013.0,0.0756066625792026,0.02777486618104417,0.07549028387212323,0.07945420666343236,7850.0,0.046517439780598635,1489.0,0.08720898382638256,1828.0,141,1177.0,11786.0,0.09917464845344136,1.257673095329279
Benjamin Hassan,14.0,45.0,34.0,946.0,144.0,20250526.0,0.056866468093340575,0.03586320736711585,0.04756871035940803,0.07403510964043326,147.0,0.05076851021313663,799.0,,,14,44.0,897.0,0.05824384429732954,0.73861331583835
Benjamin Lock,3.0,9.0,4.0,251.0,39.0,20240203.0,0.06227690638039387,0.028067399563959965,0.035856573705179286,0.07656310880685793,142.0,0.04689871069852814,109.0,,,3,20.0,272.0,0.07669980067505418,0.972660626787297
Benoit Paire,164.0,1466.0,1163.0,13916.0,2080.0,20240715.0,0.10460619349354823,0.08223469384717363,0.10534636389767174,0.11755865432666392,7949.0,0.08156550850999446,4858.0,0.09960345657069607,1109.0,164,756.0,13526.0,0.056551936381849514,0.7171575597731009
Bernabe Zapata Miralles,95.0,188.0,203.0,7467.0,1142.0,20240304.0,0.027906732687636507,0.027618136153061898,0.02517744743538235,0.035857743645942255,2319.0,0.027211026775660625,4483.0,0.04910949855885478,665.0,95,417.0,7151.0,0.05940170388738398,0.7532965930396208
Bernard Tomic,28.0,241.0,58.0,2176.0,309.0,20251013.0,0.10580056912020047,0.02805585291775541,0.11075367647058823,0.1142195656198951,1154.0,0.05546916419591813,445.0,0.11392181777398193,577.0,30,264.0,1996.0,0.12334819117430568,1.5642273889207177
Billy Harris,31.0,181.0,67.0,2502.0,380.0,20260105.0,0.07323992627623584,0.028005471094465172,0.07234212629896083,0.07773781162555958,1060.0,0.043568613038945866,102.0,0.08063311262366687,1340.0,33,229.0,2576.0,0.08754780445350686,1.1102284700108127
Bjorn Fratangelo,18.0,94.0,49.0,1443.0,220.0,20230731.0,0.06811842976323192,0.03433091541841451,0.06514206514206514,0.07299323619882017,1196.0,0.052351535928208376,247.0,,,18,167.0,1379.0,0.11160329738821609,1.4152857273911643
Blaise Bicknell,4.0,10.0,15.0,276.0,40.0,20240203.0,0.06145305629236156,0.04330159336706795,0.036231884057971016,0.08413385874916247,117.0,0.040914926199554245,159.0,,,4,3.0,253.0,0.05289780406376173,0.6708180569374572
Blake Mott,1.0,7.0,1.0,66.0,9.0,20210201.0,0.08270872543698801,0.03277226848956638,0.10606060606060606,0.0911957188268605,66.0,,,,,1,7.0,52.0,0.08527050011866462,1.081349069514098
Blaz Kavcic,1.0,15.0,3.0,83.0,14.0,20200306.0,0.09636079928289112,0.03575957995059614,0.18072289156626506,,,,,0.11035531255730921,83.0,1,18.0,115.0,0.09619857486142992,1.2199323244290432
Blaz Rola,3.0,19.0,2.0,233.0,38.0,20220304.0,0.07984560198046826,0.025705967008116802,0.0815450643776824,0.09801146469893611,54.0,0.05331855569179762,179.0,,,3,23.0,217.0,0.08839913460881103,1.1210245257394216
Bor Artnak,2.0,2.0,6.0,159.0,21.0,20220304.0,0.06000405376321361,0.036264538669298636,0.012578616352201259,,,0.040914926199554245,159.0,,,2,3.0,135.0,0.06456498327782506,0.8187741891217936
Boris Arias,1.0,8.0,3.0,53.0,10.0,20240203.0,0.08728977053782871,0.03812776405328463,0.1509433962264151,,,0.06373387140298195,53.0,,,1,4.0,70.0,0.0756218426673115,0.9589906132770484
Borna Coric,192.0,1237.0,429.0,15385.0,2429.0,20250824.0,0.08036377992104127,0.02808184207260931,0.08040298992525187,0.08934532959407081,10037.0,0.05521732995753911,4415.0,0.10000121227695451,933.0,192,1397.0,15530.0,0.08967622511322262,1.1372198175074886
Borna Gojo,41.0,458.0,141.0,3541.0,562.0,20250519.0,0.12421777874997118,0.039399106093919806,0.1293419937870658,0.13247484295800768,2593.0,0.08278485492630962,746.0,0.10182992685245905,202.0,41,273.0,3635.0,0.07547515887326801,0.9571304578425077
Botic Van De Zandschulp,1.0,8.0,6.0,57.0,9.0,20260108.0,0.08652574628804466,0.04435859325194297,0.14035087719298245,0.09517987959150327,57.0,,,,,17,121.0,1429.0,0.0834020044033004,1.057653933442556
Botic van de Zandschulp,220.0,1303.0,873.0,17811.0,2741.0,20260106.0,0.07328220669121062,0.04872175482489363,0.07315703778563809,0.07995102974315747,11501.0,0.04662899242002813,4251.0,0.0932499454921433,2059.0,220,1129.0,18091.0,0.06276254751249995,0.7959167855064649
Bradley Klahn,21.0,178.0,95.0,1733.0,263.0,20230731.0,0.09823828694497722,0.05122919696021469,0.10271206001154068,0.10337384266022724,1259.0,0.057117282698119755,158.0,0.09678996643181613,316.0,21,98.0,1540.0,0.0667743639451734,0.8467922226212431
Brandon Holt,18.0,123.0,22.0,1700.0,255.0,20250824.0,0.07359155526363638,0.01727232243625616,0.07235294117647059,0.07551780178176137,1381.0,0.05290683792546181,89.0,0.09095494597647674,230.0,18,157.0,1608.0,0.0938955508235241,1.1907267621655127
Brandon Nakashima,283.0,2376.0,415.0,22491.0,3674.0,20260822.0,0.10517418487849532,0.01875286693967664,0.1056422569027611,0.11322269038163203,14990.0,0.07722728112025934,3729.0,0.09810681111341811,3772.0,255,2081.0,20857.0,0.09938101642064433,1.2602901294618558
Brandon Perez,2.0,9.0,10.0,126.0,18.0,20210918.0,0.07707655143276884,0.04614425307250558,0.07142857142857142,0.0845954467173327,126.0,,,,,2,14.0,99.0,0.09126706623975232,1.157393905492474
Branko Djuric,2.0,21.0,7.0,127.0,28.0,20250912.0,0.09970069459893056,0.040364093199502724,0.16535433070866143,0.10720532253001328,127.0,,,,,2,16.0,113.0,0.09267498256069476,1.1752482513856743
Brayden Schnur,18.0,129.0,61.0,1525.0,225.0,20220103.0,0.08339857976812282,0.039102273826565156,0.08459016393442623,0.08912869874119068,1210.0,,,0.08293932302822427,315.0,18,171.0,1370.0,0.1144306587873652,1.4511406199260417
Brian Shi,1.0,5.0,2.0,68.0,11.0,20200210.0,0.07808176507187267,0.03476896819687593,0.07352941176470588,0.08653248925922435,68.0,,,,,1,5.0,51.0,0.08102498016327364,1.0275099452334056
Caleb Chakravarthi,1.0,1.0,3.0,42.0,6.0,20220207.0,0.07362503632044437,0.039076645059135606,0.023809523809523808,0.08257286193058144,42.0,,,,,1,7.0,37.0,0.08819740515706273,1.1184663144630946
Calvin Hemery,2.0,14.0,12.0,145.0,25.0,20250714.0,0.0835637909241035,0.0482052791121797,0.09655172413793103,0.08936019224732353,42.0,0.06137463965318255,103.0,,,2,17.0,146.0,0.08890524918248427,1.1274427656060515
Cameron Norrie,412.0,2003.0,1079.0,33327.0,5241.0,20260815.0,0.0603238433911595,0.03241533125140504,0.060101419269661234,0.06587203659704684,20284.0,0.04523483216385939,9081.0,0.07022045299522704,3962.0,389,2830.0,31565.0,0.08952110952772209,1.1352527351775537
Camilo Ugo Carabelli,59.0,188.0,159.0,4553.0,679.0,20260113.0,0.04432510923756035,0.03498321766931919,0.041291456182736656,0.05873103057327881,1856.0,0.034716096820769246,2448.0,0.07904717406037033,249.0,69,329.0,5092.0,0.0656486281962193,0.8325163206040599
Carlos Alcaraz,368.0,1626.0,862.0,28593.0,4685.0,20260414.0,0.057170429622792965,0.030223566968445414,0.056867065365648936,0.06386519746593958,14843.0,0.03479131801426969,9800.0,0.09018427953222537,3950.0,356,1424.0,30005.0,0.04787180615206829,0.6070813817962746
Carlos Berlocq,3.0,7.0,5.0,217.0,32.0,20190408.0,0.06246720592161493,0.031234808940255977,0.03225806451612903,,,0.04517251822617638,217.0,,,3,4.0,218.0,0.057511757368343706,0.7293294308094057
Carlos Gimeno Valero,1.0,0.0,1.0,41.0,7.0,20220502.0,0.0715244128200372,0.03463010683931504,0.0,,,0.04732753683798373,41.0,,,1,4.0,38.0,0.08114672614985483,1.0290538544297096
Carlos Taberner,43.0,107.0,151.0,3194.0,495.0,20250721.0,0.03854820980902516,0.04598549724989926,0.0335003130870382,0.06371833020773675,675.0,0.03276442358971142,2404.0,0.08019731255374825,115.0,44,280.0,3217.0,0.08613278021941842,1.0922839858487394
Casper Ruud,442.0,2338.0,991.0,33876.0,5504.0,20260816.0,0.06913123661027064,0.029328739558762338,0.06901641279962215,0.08189436251898737,16628.0,0.05432794331813754,15906.0,0.08742917104774992,1342.0,416,2557.0,32098.0,0.0796523560235595,1.0101031535034766
Cayetano March,1.0,0.0,2.0,42.0,7.0,20220304.0,0.07136259288153034,0.03681420162022157,0.0,0.08031041849166741,42.0,,,,,1,9.0,33.0,0.09363109943103097,1.1873731490542232
Cedrik-Marcel Stebe,29.0,129.0,84.0,2204.0,349.0,20220207.0,0.06165217590385423,0.03773881609682716,0.05852994555353902,0.0769865792291692,1373.0,0.040607641398688527,705.0,0.0804213231277193,126.0,29,172.0,2210.0,0.07798554254928598,0.9889656300111676
Cem Ilkel,17.0,78.0,35.0,1178.0,181.0,20240202.0,0.06941841955236781,0.03122425672759058,0.06621392190152801,0.07546295062469027,998.0,0.04675083410817824,132.0,0.09442324992227756,48.0,17,78.0,1131.0,0.0715494879514281,0.9073474661555507
Cesar Cruz,1.0,1.0,5.0,107.0,14.0,20240914.0,0.06418592909987458,0.03801159194504524,0.009345794392523364,,,0.043138942298916814,107.0,,,1,4.0,89.0,0.07268357066183315,0.9217292193051385
Cezar Cretu,2.0,19.0,8.0,206.0,30.0,20240913.0,0.08340307929642972,0.03675227246887448,0.09223300970873786,0.08992938114408745,206.0,,,,,2,11.0,192.0,0.07186193590141285,0.911309742669907
Charles Broom,2.0,8.0,6.0,183.0,28.0,20240701.0,0.06782549923436777,0.03477165886130006,0.04371584699453552,,,,,0.07941958141540369,183.0,3,29.0,268.0,0.09063213481083295,1.1493420879364404
Chris Rodesch,5.0,37.0,16.0,363.0,57.0,20250630.0,0.08983258984749203,0.03967480618104579,0.10192837465564739,0.09920865417154616,109.0,0.0652208068100924,150.0,0.08988415866107212,104.0,7,20.0,481.0,0.05850427474873599,0.7419159377991642
Christian Harrison,7.0,30.0,18.0,415.0,69.0,20220627.0,0.07551198288789744,0.039597395234525073,0.07228915662650602,0.08651945631442112,253.0,0.04914931178775466,45.0,0.08955825138332756,117.0,7,37.0,468.0,0.07896574430142443,1.001395957628995
Christian Sigsgaard,2.0,6.0,11.0,107.0,17.0,20220304.0,0.0740478620387306,0.04984591147167246,0.056074766355140186,0.08535965626012638,51.0,,,0.09057371922188673,56.0,2,8.0,122.0,0.07575146753570193,0.9606344377019644
Christopher Eubanks,104.0,1119.0,334.0,8926.0,1429.0,20250630.0,0.12336931868471332,0.037344185837029586,0.12536410486220032,0.12367239631275996,5628.0,0.07055993734227677,817.0,0.13269754111946558,2481.0,104,849.0,8545.0,0.09843960492494537,1.248351716487999
Christopher O'Connell,148.0,1068.0,284.0,12332.0,1891.0,20250924.0,0.0863605298502699,0.02342694605059205,0.08660395718456049,0.09845593124981308,8604.0,0.05921597432510129,2570.0,0.06437844413682949,1158.0,155,1184.0,12418.0,0.0948308836053703,1.2025880885553883
Chun-Hsin Tseng,45.0,136.0,137.0,3462.0,517.0,20250912.0,0.04338225428628597,0.03916931049097306,0.039283651068746386,0.0466892060572565,2138.0,0.0406514966015374,999.0,0.07627809098645565,325.0,45,280.0,3327.0,0.0835906267919604,1.0600459288475692
Cleeve Harper,1.0,2.0,2.0,67.0,10.0,20250912.0,0.07182498084290452,0.034843419948903505,0.029850746268656716,0.080293800799394,67.0,,,,,1,1.0,69.0,0.06938649478387295,0.8799176909596017
Clement Chidekh,2.0,1.0,6.0,158.0,26.0,20250210.0,0.058319473214402166,0.03632952888196763,0.006329113924050633,0.06540717737153584,158.0,,,,,2,35.0,162.0,0.11840260863636372,1.5015104930638101
Clement Tabur,4.0,16.0,11.0,365.0,58.0,20251103.0,0.06214675301128943,0.03303513348514763,0.043835616438356165,0.07415474766562231,254.0,0.04671515410088224,111.0,,,6,41.0,551.0,0.07627998533505406,0.9673367817688543
Coleman Wong,25.0,239.0,47.0,1880.0,293.0,20260109.0,0.11865888862001597,0.026873630314095585,0.1271276595744681,0.12332743428921947,1769.0,0.04993765009945595,58.0,0.09558855621452615,53.0,25,152.0,1835.0,0.08212181926337199,1.0414193973727441
Colton Smith,9.0,32.0,27.0,589.0,90.0,20250807.0,0.0642490051098447,0.04173091720539731,0.05432937181663837,0.07011854265038658,420.0,0.054255612909579656,169.0,,,9,25.0,592.0,0.05699825207019799,0.7228174662311789
Conor Gannon,2.0,2.0,8.0,101.0,16.0,20240913.0,0.06695063084558166,0.044454844543189494,0.019801980198019802,,,0.04565158432245674,101.0,,,2,6.0,81.0,0.07805044917595927,0.9897887367158401
Constant Lestienne,57.0,235.0,189.0,4624.0,693.0,20250203.0,0.05305379499475247,0.0404601666234351,0.05082179930795848,0.060493429692643146,3526.0,0.03762862307621113,447.0,0.057375467140989865,651.0,57,414.0,4277.0,0.0952624045442883,1.2080603769215346
Corentin Denolly,2.0,3.0,14.0,179.0,21.0,20250331.0,0.05965849059349985,0.04882880330939195,0.01675977653631285,,,0.04122874567452647,179.0,,,2,13.0,143.0,0.08202995589988289,1.040254441585067
Corentin Moutet,197.0,521.0,536.0,16728.0,2542.0,20251118.0,0.03225959049822725,0.032127036263202825,0.0311453849832616,0.036394362402083144,8681.0,0.021835172687253438,5731.0,0.05570751692385138,2316.0,207,844.0,17452.0,0.04904449171261687,0.6219526730161822
Courtney John Lock,1.0,1.0,2.0,51.0,7.0,20240203.0,0.07215580056238673,0.03607955014664731,0.0196078431372549,0.08092506645968292,51.0,,,,,1,10.0,40.0,0.09441424103099184,1.1973044786375724
Cristian Garin,233.0,990.0,708.0,19097.0,2952.0,20250912.0,0.05239484361971772,0.03704528271611725,0.05184060323611039,0.06257655655496061,6911.0,0.043527500822414036,10234.0,0.06985612923689641,1952.0,235,1429.0,19562.0,0.07316612894768242,0.9278487325326117
Dalibor Svrcina,14.0,6.0,40.0,886.0,135.0,20250924.0,0.029193052918846354,0.04220208173883199,0.006772009029345372,0.033438521332245764,841.0,0.0469021207765187,45.0,,,18,69.0,1114.0,0.06640836595352471,0.842150856765964
Damir Dzumhur,116.0,199.0,298.0,8873.0,1352.0,20260113.0,0.024861670015489747,0.03367538845208001,0.022427589315902174,0.027831967956562915,5187.0,0.017917196849686755,3109.0,0.07707432545054284,577.0,122,632.0,9444.0,0.0674057564052861,0.854799161108656
Dan Added,1.0,3.0,3.0,45.0,7.0,20251103.0,0.07762306978345261,0.03881320700255716,0.06666666666666667,0.08651057297374606,45.0,,,,,1,4.0,41.0,0.0805947076046177,1.0220534880730447
Dan Martin,1.0,0.0,1.0,53.0,8.0,20250727.0,0.06962972638771833,0.03371275301575703,0.0,0.07836027587928697,53.0,,,,,1,6.0,34.0,0.08650291717427744,1.0969778395399057
Dane Sweeny,6.0,8.0,25.0,452.0,70.0,20260105.0,0.04641111039159203,0.046093752483729974,0.017699115044247787,0.05105305748041901,452.0,,,,,8,89.0,667.0,0.11297307034080263,1.4326563620850357
Daniel Altmaier,171.0,1128.0,434.0,14093.0,2154.0,20260112.0,0.08000705623774487,0.030930233707040497,0.08003973603916838,0.09412132848870222,6830.0,0.06017737008082001,5979.0,0.09400333489618787,1284.0,183,938.0,14535.0,0.06491746006385245,0.8232440871998582
Daniel Antonio Nunez,1.0,2.0,1.0,74.0,11.0,20250912.0,0.07076427437476036,0.032219150034046275,0.02702702702702703,,,0.04825199102436883,74.0,,,1,1.0,69.0,0.06938649478387295,0.8799176909596017
Daniel Brands,2.0,16.0,6.0,154.0,23.0,20190204.0,0.08581636471775525,0.03659183594970747,0.1038961038961039,0.0929552436341462,154.0,,,,,2,13.0,159.0,0.07968205018539608,1.0104797169600919
Daniel Cukierman,4.0,6.0,12.0,264.0,38.0,20250912.0,0.056539557309693386,0.03956607999418364,0.022727272727272728,0.06366248722125127,189.0,0.05236093420115963,75.0,,,4,20.0,240.0,0.0805347907088069,1.021293658126662
Daniel Dutra da Silva,1.0,3.0,6.0,80.0,10.0,20220725.0,0.07196305427840918,0.04223307732528737,0.0375,,,0.04973217446989755,80.0,,,1,7.0,65.0,0.08288659366373421,1.0511178052051018
Daniel Elahi Galan,121.0,625.0,204.0,10213.0,1533.0,20250824.0,0.06186208103774959,0.02056646349911787,0.06119651424654852,0.06483349686228648,3911.0,0.05790656959512799,5193.0,0.0770719787708286,1109.0,121,576.0,9818.0,0.059458041304916456,0.7540110302006882
Daniel Evans,263.0,1080.0,740.0,20934.0,3250.0,20260624.0,0.0521019155364037,0.03535538938390072,0.051590713671539126,0.057294653721848415,14357.0,0.036889572412386246,3988.0,0.055972437592900756,2589.0,259,1805.0,20898.0,0.08623073838170892,1.0935262322000183
Daniel Masur,2.0,13.0,6.0,225.0,35.0,20241229.0,0.07126762568581825,0.0324350033858207,0.057777777777777775,0.07638334320102579,104.0,,,0.09270943563374347,121.0,2,25.0,215.0,0.0919386439896527,1.1659104495956578
Daniel Michalski,3.0,3.0,5.0,179.0,25.0,20230102.0,0.05965849059349985,0.033284761858614745,0.01675977653631285,0.06648912776047841,179.0,,,,,3,14.0,161.0,0.08118050989953014,1.0294822795735197
Daniel Rincon,3.0,9.0,16.0,194.0,30.0,20240415.0,0.06825297315427005,0.05096275608777431,0.04639175257731959,,,0.05028862583426064,194.0,,,3,5.0,207.0,0.060201426776995734,0.7634381965408006
Daniels Tens,2.0,0.0,6.0,161.0,21.0,20240914.0,0.05622507317938753,0.03613525332644908,0.0,0.06327487517525311,161.0,,,,,2,2.0,124.0,0.06401195811762674,0.811761057481119
Daniil Glinka,1.0,5.0,7.0,85.0,11.0,20210917.0,0.075344878461106,0.04385954044564523,0.058823529411764705,0.08349939169756082,85.0,,,,,1,5.0,60.0,0.07943970881225307,1.007406489783187
Daniil Medvedev,511.0,4199.0,1941.0,39181.0,6361.0,20260826.0,0.10688315772854744,0.04939925411475551,0.1071692912381001,0.11533009815617831,27871.0,0.060455784721516005,5900.0,0.11227222305769025,5410.0,480,1939.0,38811.0,0.05025483323693954,0.637301494464388
Daniil Ostapenkov,3.0,3.0,14.0,174.0,25.0,20210918.0,0.060178163856509426,0.049254141317313475,0.017241379310344827,0.08067546584844772,40.0,0.04470307817518881,134.0,,,3,7.0,151.0,0.06994966615904975,0.887059490781075
Danilo Petrovic,5.0,29.0,22.0,365.0,48.0,20210419.0,0.079140217063577,0.04741421845246789,0.07945205479452055,0.09733033806007581,88.0,0.05594009415886384,277.0,,,5,10.0,330.0,0.05690721377210467,0.7216629734253861
Darian King,9.0,13.0,21.0,501.0,85.0,20240914.0,0.04943647730703264,0.03914747737640171,0.02594810379241517,0.05382597666294894,501.0,,,,,9,32.0,560.0,0.06618986047253793,0.8393799020017727
Darwin Blanch,5.0,34.0,13.0,370.0,56.0,20250824.0,0.08511982604368365,0.03541802222875057,0.0918918918918919,0.09233543771999589,331.0,0.052098960696015544,39.0,,,6,50.0,414.0,0.10017477402166636,1.2703560847698514
David Ferrer,14.0,23.0,39.0,892.0,140.0,20190506.0,0.04221537620250496,0.041232103031066517,0.0257847533632287,0.06135747870390887,423.0,0.03322375574862005,469.0,,,14,60.0,987.0,0.06600019181949272,0.8369746385026611
David Goffin,259.0,1333.0,827.0,20342.0,3136.0,20260622.0,0.06578643650822662,0.04055886014444788,0.06552944646544095,0.07172535650830192,12587.0,0.046729387619710905,5097.0,0.07825428906644223,2658.0,252,1450.0,20181.0,0.07198592226099979,0.9128820629258595
David Jorda Sanchis,2.0,17.0,3.0,183.0,20.0,20240401.0,0.08326289203025114,0.029625861262672276,0.09289617486338798,,,0.06495959476080758,183.0,,,3,7.0,212.0,0.0629775589111706,0.7986434304254448
David Szintai,1.0,7.0,3.0,82.0,10.0,20190201.0,0.07996320758015853,0.035833769950493644,0.08536585365853659,0.08816847504837551,82.0,,,,,1,8.0,72.0,0.08377598740177206,1.0623965603398844
Davis Rolis,2.0,10.0,7.0,112.0,19.0,20240914.0,0.08113723838600861,0.04154663499245691,0.08928571428571429,0.08886172846350976,112.0,,,,,2,13.0,115.0,0.08648983699735226,1.0968119646227017
Delmas N'Tcha,1.0,1.0,5.0,58.0,10.0,20220304.0,0.07105298264986115,0.042078334314711655,0.017241379310344827,0.07968822046575763,58.0,,,,,1,2.0,68.0,0.07167150866161626,0.9088948592309964
Denis Istomin,24.0,103.0,49.0,1703.0,260.0,20220214.0,0.0639763509527515,0.030086484601111716,0.060481503229594835,0.0740847124312023,1078.0,0.055740923907516546,405.0,0.06984131607287153,220.0,24,194.0,1601.0,0.1127147756389987,1.429380824412952
Denis Kudla,88.0,507.0,293.0,7464.0,1180.0,20240401.0,0.06848197686338203,0.039073229541726595,0.06792604501607717,0.07158889190717152,4929.0,0.06272567110704955,969.0,0.06831211391921686,1566.0,88,906.0,7462.0,0.11924984304930505,1.5122546090572604
Denis Shapovalov,360.0,2939.0,2052.0,28897.0,4624.0,20260815.0,0.10139407673323673,0.07052844581752869,0.10170605945253833,0.11055123834452717,19550.0,0.06645179423347095,5783.0,0.10527285972885478,3564.0,339,1284.0,27936.0,0.04642653395163878,0.5887533111627712
Denis Yevseyev,4.0,14.0,13.0,307.0,45.0,20240918.0,0.06441621789764697,0.03857408361547091,0.04560260586319218,0.0786985277283648,140.0,0.04915598544188858,167.0,,,4,14.0,297.0,0.0653404104069389,0.8286076884372232
Dennis Novak,54.0,244.0,119.0,4202.0,670.0,20230731.0,0.059874460246335595,0.028959556087817893,0.058067586863398385,0.06264370412341058,2625.0,0.052058804612791276,1019.0,0.0786029394208563,558.0,54,354.0,4227.0,0.08332445775959291,1.0566705336630269
Dhakshineswar Suresh,2.0,9.0,5.0,138.0,20.0,20250912.0,0.07535737184690783,0.035821332929624417,0.06521739130434782,0.08270855942995724,138.0,,,,,3,15.0,160.0,0.08311118938149359,1.053965992679996
Di Wu,2.0,9.0,2.0,202.0,24.0,20190923.0,0.06734595689972826,0.027029696206209198,0.04455445544554455,0.07391562287926412,202.0,,,,,2,10.0,138.0,0.07721610790638737,0.97920812379281
Diego Dedura-Palomero,3.0,1.0,3.0,143.0,23.0,20250519.0,0.05993050838607074,0.0318082451494253,0.006993006993006993,,,0.04027890192550796,143.0,,,3,11.0,154.0,0.0767910939596325,0.9738183531779512
Diego Duran,1.0,4.0,1.0,46.0,8.0,20240202.0,0.07969117949245832,0.034241876942013305,0.08695652173913043,0.0885587555455538,46.0,,,,,1,2.0,46.0,0.0752068745597229,0.9537282379374583
Diego Fernandez Flores,1.0,1.0,1.0,61.0,11.0,20220304.0,0.07059059881482953,0.033127716087067105,0.01639344262295082,,,0.047443478840674236,61.0,,,1,11.0,76.0,0.08937450851604288,1.133393629539044
Diego Schwartzman,266.0,416.0,808.0,21046.0,3230.0,20250210.0,0.020868332838461085,0.03834150317616982,0.01976622636130381,0.027186722877397616,10837.0,0.016291469002577243,8738.0,0.03009172419304134,1471.0,266,1456.0,21414.0,0.06819209067817165,0.8647709782450459
Dimitar Kuzmanov,16.0,44.0,37.0,1051.0,155.0,20240203.0,0.052062209547647426,0.03533554591050168,0.04186489058039962,0.056635790024038235,986.0,0.04703536289365769,65.0,,,16,63.0,938.0,0.07065939166938447,0.8960598017812784
Dimitri Badra,1.0,1.0,1.0,69.0,11.0,20210918.0,0.06938649478387295,0.03256263777428131,0.014492753623188406,0.07781920036954583,69.0,,,,,1,7.0,62.0,0.0834248182979143,1.0579432454986413
Dino Prizmic,21.0,71.0,57.0,1567.0,244.0,20251222.0,0.05213129946804088,0.03623379619529127,0.04530950861518826,0.06659102647043193,959.0,0.03657881323963375,608.0,,,28,127.0,2070.0,0.0641871522484358,0.8139827638164996
Dmitry Popko,6.0,16.0,18.0,471.0,68.0,20250912.0,0.05458354311554123,0.03705152366950395,0.03397027600849257,0.06928172139045286,300.0,0.041806381340719484,171.0,,,6,20.0,490.0,0.05791265848723192,0.7344134170798468
Dominic Stricker,55.0,487.0,152.0,4416.0,710.0,20250714.0,0.10767073630681818,0.03452489142776951,0.11028079710144928,0.1072592657599596,2644.0,0.08457769616463563,970.0,0.11589152742527484,802.0,55,477.0,4636.0,0.10098138722272366,1.2805850670463397
Dominic Thiem,202.0,1059.0,511.0,16553.0,2620.0,20241021.0,0.06432739137932145,0.03098400738017684,0.06397631849211623,0.07368447660341926,8876.0,0.051204944955644954,7253.0,0.09502623296745187,424.0,202,1140.0,16688.0,0.06855935545725869,0.8694284087348214
Dominik Koepfer,129.0,569.0,459.0,10911.0,1679.0,20250127.0,0.05309364919579492,0.0418417361078718,0.05214920722206947,0.058606183112084896,5973.0,0.042337261176384415,3447.0,0.06731973345593883,1491.0,129,845.0,10796.0,0.07829066327738803,0.992834987115482
Donald Young,3.0,6.0,11.0,174.0,27.0,20210104.0,0.06540464469274636,0.04402766048107654,0.034482758620689655,0.0722947821834791,174.0,,,,,3,10.0,178.0,0.07187243261874811,0.9114428557102626
Dragos Nicolae Madaras,4.0,7.0,14.0,252.0,39.0,20230717.0,0.05911390499023989,0.04336177471800297,0.027777777777777776,0.07006436846594637,178.0,0.04825199102436883,74.0,,,4,23.0,213.0,0.08897596419842807,1.1283395308013429
Duckhee Lee,2.0,10.0,16.0,156.0,22.0,20190819.0,0.07471630585186405,0.054445822151327226,0.0641025641025641,0.08182950534769244,156.0,,,,,2,17.0,166.0,0.08576372094282052,1.0876037986235054
Dudi Sela,1.0,1.0,5.0,59.0,7.0,20190916.0,0.07089818312339087,0.04198666038374278,0.01694915254237288,0.07951460778500435,59.0,,,,,1,6.0,46.0,0.08417548442519375,1.0674627407182042
Duje Ajdukovic,15.0,61.0,30.0,940.0,157.0,20241103.0,0.0690613925773406,0.03303871426577458,0.06489361702127659,0.09224372864080155,245.0,0.052850633557580656,695.0,,,15,65.0,990.0,0.06945486766448662,0.8807847546068034
Dusan Lajovic,283.0,956.0,436.0,22345.0,3462.0,20260827.0,0.04341799367129639,0.019796521306491007,0.04278362049675542,0.051413244367351896,10035.0,0.03669561843691439,10933.0,0.05531886098209361,1377.0,258,1327.0,20385.0,0.06536166783996326,0.8288772623858827
Dustin Brown,4.0,48.0,21.0,379.0,55.0,20210607.0,0.10210817208425726,0.04527840451365589,0.1266490765171504,,,,,0.11078512960870392,379.0,4,62.0,386.0,0.11901051660767992,1.5092196154240423
Edan Leshem,5.0,11.0,11.0,304.0,48.0,20220926.0,0.060429355189824445,0.035897552721786845,0.03618421052631579,0.0697448353813746,238.0,0.049080351385302194,66.0,,,5,27.0,311.0,0.08233792693901042,1.0441599446152403
Edas Butvilas,1.0,8.0,4.0,76.0,11.0,20220304.0,0.08307198750763951,0.038386296462474656,0.10526315789473684,,,,,0.09727230244785787,76.0,3,11.0,173.0,0.07424479241472323,0.9415276922523299
Edgars Manusis,1.0,0.0,1.0,49.0,7.0,20210918.0,0.07025003575420136,0.034013089345518784,0.0,0.0790583629695256,49.0,,,,,1,4.0,44.0,0.08005014876945138,1.0151477212617406
Eduardo Nava,1.0,3.0,2.0,64.0,10.0,20210823.0,0.07444453890869916,0.03506870068133176,0.046875,0.08296811416663145,64.0,,,,,1,4.0,56.0,0.07794356590709739,0.9884333075443262
Eero Vasa,5.0,22.0,14.0,345.0,49.0,20250912.0,0.07186881349481397,0.03794882834380931,0.06376811594202898,0.07973736346740948,296.0,0.05093862749565885,49.0,,,5,13.0,303.0,0.0633602646566663,0.8034966739412396
Egor Gerasimov,91.0,674.0,322.0,7504.0,1155.0,20241002.0,0.08926395066468071,0.04254451886590814,0.08981876332622601,0.09372107099016677,6178.0,0.05992150668514159,983.0,0.0932726998185469,343.0,91,608.0,7315.0,0.08289595152995935,1.0512364760223374
Elias Ymer,67.0,343.0,248.0,5092.0,795.0,20251013.0,0.06819779061428194,0.04775525803280006,0.0673605655930872,0.07743221578937011,3145.0,0.05060776469672602,1692.0,0.0874833831529471,255.0,70,291.0,5175.0,0.057855114987199356,0.7336836851077086
Eliot Spizzirri,16.0,96.0,25.0,1185.0,189.0,20260116.0,0.08046830665844569,0.024777209536995543,0.0810126582278481,0.08624250725860043,974.0,,,0.08396336491846211,211.0,18,131.0,1479.0,0.08650466527601725,1.0970000079121696
Elliot Benchetrit,11.0,44.0,32.0,818.0,130.0,20250331.0,0.062021564904463394,0.037990046893380904,0.05378973105134474,0.0840084909842039,213.0,0.048628302234378924,605.0,,,11,43.0,745.0,0.06510241576736804,0.825589583914661
Elmer Moller,9.0,18.0,55.0,753.0,111.0,20250912.0,0.04296814054955456,0.06007968526985076,0.02390438247011952,0.07556357137332712,83.0,0.036307129297116214,588.0,0.08361331113107956,82.0,11,43.0,825.0,0.060850829431539924,0.771673529454928
Emil Ruusuvuori,203.0,948.0,626.0,15874.0,2488.0,20251013.0,0.06019062713860368,0.03934323934595907,0.059720297341564824,0.0633973100321139,10602.0,0.04175855217206766,3189.0,0.0786555038119937,2083.0,203,1262.0,16237.0,0.07775093262328764,0.9859904483853528
Emilio Gomez,27.0,85.0,67.0,1994.0,304.0,20240202.0,0.0486809799722792,0.03394815251300665,0.04262788365095286,0.0582486024866585,1600.0,0.031324236455353684,394.0,,,27,165.0,1933.0,0.0842444346565094,1.0683371259789005
Emilio Nava,32.0,239.0,132.0,2630.0,402.0,20260112.0,0.08928787658535856,0.04827454690301582,0.0908745247148289,0.0951532649368179,2159.0,0.0602607197848962,411.0,0.08978612166343554,60.0,39,175.0,3091.0,0.05916421256191246,0.7502848712429981
Enzo Couacaud,11.0,111.0,39.0,1246.0,195.0,20240722.0,0.08659918958301119,0.03236444539255039,0.08908507223113965,0.09434632187014833,591.0,0.05701581162077614,387.0,0.10075092210356339,268.0,11,125.0,1195.0,0.09814562135024227,1.244623594048055
Ergi Kirkin,4.0,17.0,13.0,251.0,39.0,20250912.0,0.07456569286272874,0.04189228435658669,0.06772908366533864,0.08317587746493052,147.0,,,0.08988415866107212,104.0,4,23.0,216.0,0.0885426396974617,1.122844370748739
Erik Arutiunian,1.0,2.0,3.0,56.0,7.0,20210918.0,0.07355760099481669,0.037876923500302494,0.03571428571428571,,,0.050156674880593916,56.0,,,1,3.0,52.0,0.07642094259654073,0.9691243167702644
Ernesto Escobedo,20.0,124.0,65.0,1690.0,263.0,20240226.0,0.07442213686776862,0.03792912780676456,0.07337278106508875,0.0806102669638761,1529.0,0.04433412432362001,161.0,,,20,185.0,1611.0,0.10767889908186794,1.3655188742465632
Ernests Gulbis,30.0,232.0,139.0,2285.0,352.0,20210918.0,0.09815354415405453,0.057084497994837224,0.10153172866520788,0.11131824301143615,1464.0,0.06013426327431136,579.0,0.09392775072457998,242.0,30,144.0,2209.0,0.06728335226279664,0.8532469055759518
Ethan Quinn,39.0,244.0,118.0,2996.0,483.0,20260113.0,0.08113729860236643,0.038949315994151336,0.0814419225634179,0.09442896454345165,1575.0,0.054036754437860254,782.0,0.08498711834954797,639.0,47,283.0,3580.0,0.07903072011397899,1.002219941707299
Evan Furness,1.0,2.0,6.0,138.0,17.0,20220919.0,0.06234621943055095,0.03768006898910397,0.014492753623188406,0.06969740701360036,138.0,,,,,1,14.0,102.0,0.09072164552517213,1.1504772088461046
Evgenii Tiurnev,1.0,4.0,2.0,49.0,9.0,20211025.0,0.07915872172302096,0.03624026083772369,0.08163265306122448,0.0879670489383452,49.0,,,,,1,12.0,61.0,0.09445177018142388,1.1977804006955275
Evgeny Donskoy,21.0,112.0,62.0,1726.0,262.0,20211018.0,0.06751752871760885,0.035875765341551236,0.06488991888760139,0.06979436039558219,1656.0,,,0.09000343822378797,70.0,21,162.0,1562.0,0.09864539554211846,1.2509614290156041
Fabian Marozsan,125.0,601.0,287.0,9920.0,1555.0,20260116.0,0.06129285523775546,0.02919301134846298,0.06058467741935484,0.06821368611205522,6644.0,0.03797859003493632,2335.0,0.0829989679084119,941.0,140,1012.0,10961.0,0.09185302931552121,1.1648247359188293
Fabio Fognini,208.0,758.0,893.0,17197.0,2615.0,20250630.0,0.04486800398099883,0.051558326823670966,0.0440774553701227,0.055398234425211,8093.0,0.029473104316193065,7094.0,0.06693013110588397,2010.0,208,1294.0,16759.0,0.07725055458089845,0.9796449557496835
Facundo Arguello,1.0,0.0,0.0,40.0,8.0,20190715.0,0.07168696830371911,0.032436084354858945,0.0,,,0.04743509942170642,40.0,,,1,0.0,50.0,0.07009392456363646,0.8888888888888888
Facundo Bagnis,78.0,401.0,190.0,6217.0,940.0,20250727.0,0.06536833399631803,0.030870768794943017,0.06450056297249478,0.08009801668470984,1816.0,0.05712703671811051,4114.0,0.08777527796969482,287.0,78,433.0,5880.0,0.07397169841618415,0.9380644788221382
Facundo Diaz Acosta,49.0,146.0,178.0,3835.0,601.0,20250224.0,0.04192261299967802,0.045400679366266336,0.03807040417209909,0.04781958402564629,1367.0,0.04162008831360537,2360.0,0.08130239363224477,108.0,51,175.0,3978.0,0.04717731065638109,0.5982742086590468
Facundo Mena,1.0,3.0,2.0,71.0,10.0,20220919.0,0.07333814448755077,0.03454750980071749,0.04225352112676056,0.0817350424061932,71.0,,,,,1,0.0,80.0,0.06571305427840918,0.8333333333333333
Fajing Sun,2.0,11.0,4.0,155.0,25.0,20250917.0,0.07665273162817371,0.032922301110158446,0.07096774193548387,0.08377874769967027,155.0,,,,,2,44.0,165.0,0.1337031257586485,1.695542425915646
Federico Agustin Gomez,7.0,63.0,33.0,593.0,94.0,20250824.0,0.09520872714364191,0.04760511290648332,0.10623946037099494,0.10948006272429149,317.0,0.06046071559992725,276.0,,,7,44.0,579.0,0.07716268238369399,0.9785306135263944
Federico Cina,6.0,16.0,13.0,465.0,67.0,20251013.0,0.05496215728744094,0.031528181637153686,0.034408602150537634,0.07216845978172172,272.0,0.04025538574291876,193.0,,,6,34.0,422.0,0.07973511685357228,1.0111526764498884
Federico Coria,130.0,354.0,334.0,10107.0,1542.0,20250331.0,0.03669384848706923,0.03314665243324812,0.03502523003858712,0.048455060766529896,2644.0,0.033611977904970516,7034.0,0.06188373457802213,429.0,131,452.0,10107.0,0.0460209637435649,0.583610114318458
Federico Delbonis,136.0,447.0,499.0,10937.0,1676.0,20230206.0,0.042210661202578846,0.04527404755368598,0.040870439791533326,0.051687158013684995,2473.0,0.039377247715418943,8028.0,0.0733272918243784,436.0,136,606.0,10869.0,0.0565748749714825,0.7174484531362345
Federico Gaio,10.0,51.0,30.0,765.0,119.0,20220131.0,0.07085173051814284,0.0380016112584875,0.06666666666666667,0.08166733787196633,402.0,0.054877383676999764,363.0,,,10,40.0,755.0,0.061941355890594296,0.7855029284866902
Federico Zeballos,1.0,5.0,3.0,51.0,9.0,20200306.0,0.08102498016327364,0.03829684504686904,0.09803921568627451,,,0.057364620278383203,51.0,,,1,4.0,54.0,0.07828692963356038,0.9927876392956227
Feliciano Lopez,91.0,1067.0,433.0,7818.0,1222.0,20230626.0,0.1336751358059913,0.05442587942518106,0.1364799181376311,0.14019321781616115,4347.0,0.09049242636102767,1654.0,0.13996464409796136,1817.0,91,792.0,7569.0,0.10334323830513695,1.310536638419139
Felipe Meligeni Alves,17.0,81.0,24.0,1286.0,198.0,20250224.0,0.06675104748139764,0.022699808491185015,0.06298600311041991,0.07658690267178901,638.0,0.05507442056828211,560.0,0.0887328196007794,88.0,17,112.0,1327.0,0.08311654085329265,1.0540338568187355
Felix Auger-Aliassime,456.0,4389.0,1730.0,35435.0,5782.0,20260819.0,0.12335823262323527,0.04867509075250838,0.12386058981233244,0.13016843143592824,22382.0,0.07971291402808663,8129.0,0.15745710292358758,4924.0,410,1932.0,32835.0,0.05908055562069013,0.7492239843545283
Fernando Verdasco,97.0,603.0,329.0,7994.0,1233.0,20230417.0,0.07559474220319709,0.0408949103069023,0.0754315736802602,0.08781137957574028,4047.0,0.04260551413644958,2836.0,0.11204607277642645,1111.0,97,456.0,7894.0,0.058782525446544054,0.745444545380305
Filip Cristian Jianu,3.0,4.0,2.0,216.0,33.0,20250331.0,0.05769848385330586,0.026415384928795353,0.018518518518518517,0.08405503269283188,58.0,0.03919613574471474,158.0,,,4,12.0,268.0,0.06518303301442577,0.8266119232344884
Filip Horansky,7.0,16.0,11.0,458.0,74.0,20220304.0,0.055410566496079734,0.029454402233261,0.034934497816593885,0.07396480332081834,134.0,0.045402546609876825,324.0,,,7,16.0,407.0,0.05891234950884314,0.7470908958622688
Filip Krajinovic,170.0,796.0,312.0,13723.0,2115.0,20230529.0,0.05859535977155253,0.02310216505814189,0.05800480944399913,0.06806280665815446,8217.0,0.04219453790793872,4645.0,0.07240413637207006,861.0,170,1406.0,13369.0,0.10440426073452222,1.323991885135796
Filip Misolic,35.0,154.0,97.0,3086.0,455.0,20251119.0,0.05322497591900069,0.03191964346418185,0.049902786779001944,0.08251311772820429,721.0,0.0420285988421345,2238.0,0.08596132061704051,127.0,36,212.0,2959.0,0.07250439596714392,0.9194570338586706
Filippo Baldi,2.0,8.0,7.0,125.0,20.0,20190722.0,0.0753186020069265,0.04051786117359607,0.064,,,0.05499322618200157,125.0,,,2,8.0,112.0,0.07723098838600861,0.979396829063331
Finn Reynolds,1.0,5.0,4.0,65.0,10.0,20210917.0,0.07858551839491701,0.03929435938954395,0.07692307692307693,,,,,0.0931217547638287,65.0,1,5.0,67.0,0.07824896371228353,0.9923061783731604
Finn Tearney,1.0,3.0,8.0,60.0,10.0,20200306.0,0.07509188272529654,0.04841712416551725,0.05,0.08368957602895,60.0,,,,,1,1.0,52.0,0.07199616383547879,0.9130119403983478
Flavio Cobolli,141.0,731.0,449.0,11839.0,1788.0,20260106.0,0.06230429496312087,0.03785210206031032,0.061745079820930825,0.06739976755658948,6462.0,0.0479902132590615,3744.0,0.08081732216683736,1633.0,156,887.0,12797.0,0.06960235402391728,0.8826550876916852
Frances Tiafoe,397.0,2965.0,962.0,34235.0,5386.0,20260823.0,0.08651774984996785,0.02818743690244371,0.08660727325836133,0.09257369788335465,22290.0,0.06775961317596212,7656.0,0.08814280570807856,4289.0,361,3619.0,31212.0,0.11547963640559397,1.4644431216099096
Francesco Maestrelli,1.0,9.0,1.0,69.0,12.0,20221010.0,0.08644406408024821,0.03256263777428131,0.13043478260869565,0.0948767696659211,69.0,,,,,4,18.0,334.0,0.0674962752774338,0.8559470668677893
Francesco Passaro,31.0,147.0,100.0,2445.0,383.0,20251103.0,0.06275650827895832,0.040165861903739164,0.06012269938650307,0.07592385553579037,950.0,0.05323031332219041,1495.0,,,31,139.0,2420.0,0.06047598087008384,0.7669199260097136
Francisco Cabral,1.0,4.0,4.0,68.0,8.0,20240729.0,0.07594501293512053,0.03904247247038021,0.058823529411764705,,,0.05314411056741629,68.0,,,1,5.0,52.0,0.08084572135760268,1.0252366931421812
Francisco Cerundolo,292.0,949.0,893.0,23316.0,3598.0,20260816.0,0.04134517903751207,0.03825568717811342,0.04070166409332647,0.04965606185609294,9639.0,0.03439652088378488,11487.0,0.05262610655026269,2190.0,259,977.0,20853.0,0.04745411311596651,0.6017844505562489
Francisco Comesana,56.0,447.0,188.0,4682.0,736.0,20260114.0,0.09416416097080606,0.039801628712345126,0.09547202050405809,0.10304206663070764,2196.0,0.07847002828107845,1854.0,0.09428451159416701,632.0,60,320.0,5100.0,0.06391677564611571,0.8105540107667305
Francisco Llanes,1.0,0.0,1.0,50.0,7.0,20210918.0,0.07009392456363646,0.033937504702528744,0.0,,,0.046380986101224056,50.0,,,1,2.0,40.0,0.07623242284917366,0.9667336230002417
Franco Agamenone,5.0,6.0,13.0,411.0,63.0,20220725.0,0.046291326823226155,0.033627468700539995,0.014598540145985401,,,0.03313371608575934,411.0,,,5,6.0,416.0,0.04600767898729952,0.5834416450494107
Franco Roncadelli,6.0,4.0,10.0,411.0,57.0,20240913.0,0.04382523557785008,0.02992833183247588,0.009732360097323601,0.07244327545574897,90.0,0.03449576108952958,321.0,,,6,11.0,353.0,0.056497033271761504,0.7164613116342431
Franko Skugor,1.0,5.0,1.0,59.0,10.0,20190211.0,0.07961278007328194,0.03327206343385171,0.0847457627118644,0.08822920473489541,59.0,,,,,1,7.0,71.0,0.08183071348967391,1.037727769470005
Frederico Ferreira Silva,3.0,11.0,10.0,262.0,39.0,20210208.0,0.06426324177286467,0.03666446694280655,0.04198473282442748,0.07023746974821299,262.0,,,,,3,23.0,217.0,0.08839913460881103,1.1210245257394216
Gabi Adrian Boitan,3.0,14.0,6.0,166.0,28.0,20240913.0,0.08046336758593005,0.0358160373076642,0.08433734939759036,0.09220000945497528,126.0,0.04970782669443369,40.0,,,3,9.0,166.0,0.07162944532444596,0.908361437350669
Gabor Borsos,1.0,3.0,2.0,56.0,9.0,20190201.0,0.07575058345095705,0.03568394104416214,0.05357142857142857,0.08442369511692324,56.0,,,,,1,9.0,47.0,0.09069858177547295,1.1501847282784756
Gabriel Diallo,79.0,686.0,218.0,6456.0,1017.0,20260113.0,0.10465902363676143,0.03387862851752304,0.10625774473358117,0.10651142902177421,4299.0,0.06611250435230022,1035.0,0.12174876213218158,1122.0,87,507.0,7083.0,0.07196876467374534,0.9126644807492934
Gael Monfils,252.0,2050.0,1113.0,20851.0,3274.0,20260813.0,0.09795032074037158,0.05304559207172076,0.0983166274998801,0.1046172852249689,15128.0,0.05990455508365287,3671.0,0.11268418269379298,2052.0,243,892.0,20004.0,0.04526280464877653,0.5739955978027561
Gastao Elias,1.0,5.0,1.0,73.0,9.0,20210918.0,0.07725637643474928,0.032287266630312755,0.0684931506849315,0.0856177694996131,73.0,,,,,1,11.0,44.0,0.09581591453521714,1.2150796568932094
Gauthier Onclin,1.0,2.0,4.0,121.0,19.0,20250113.0,0.06438054904728678,0.0350707814129327,0.01652892561983471,0.07197160263592514,121.0,,,,,1,38.0,160.0,0.12418261795292217,1.5748090862178945
Genaro Alberto Olivieri,3.0,8.0,9.0,397.0,61.0,20230529.0,0.04961388463442461,0.0291993439349284,0.020151133501259445,,,0.03622514899065348,397.0,,,3,24.0,379.0,0.07129944294433428,0.9041765461377103
Geoffrey Blancaneaux,5.0,29.0,9.0,444.0,70.0,20230220.0,0.07173254271757869,0.027573314118646844,0.06531531531531531,0.08388886573599597,345.0,0.04583455660431027,99.0,,,5,36.0,439.0,0.08050329684581217,1.020894271945071
George Loffhagen,4.0,41.0,28.0,432.0,64.0,20250630.0,0.08719022362215914,0.05080754461074271,0.09490740740740741,,,,,0.09531444226584176,432.0,5,28.0,434.0,0.07139360438085901,0.9053706447020253
Gerald Melzer,2.0,5.0,5.0,141.0,22.0,20220725.0,0.06754577828768282,0.03562269337548602,0.03546099290780142,0.07623208905607326,105.0,0.05245743978337345,36.0,,,2,8.0,135.0,0.07391077767034843,0.9372919186550008
Gerardo Lopez Villasenor,6.0,27.0,14.0,434.0,68.0,20210719.0,0.07019456361347291,0.0338991332327793,0.06221198156682028,0.07447965335297492,278.0,0.05912130170063097,156.0,,,6,52.0,439.0,0.09957361865749274,1.262732594901985
Gian Marco Moroni,4.0,11.0,13.0,271.0,43.0,20220418.0,0.06340129069096336,0.04064363206577934,0.04059040590405904,0.080936895437125,88.0,0.04780693609871496,183.0,,,4,11.0,259.0,0.06455579067319638,0.818657614052481
Gianluca Mager,57.0,372.0,177.0,4723.0,723.0,20220131.0,0.07877069413500613,0.03733591198831504,0.07876349777683675,0.09609423209254533,1905.0,0.057991091494649726,2581.0,0.11350332176637418,237.0,57,360.0,4578.0,0.0786545331566164,0.9974493655321707
Gijs Brouwer,27.0,128.0,68.0,1948.0,309.0,20240623.0,0.06794815419660835,0.03503912994724784,0.06570841889117043,0.07011951652727962,748.0,0.0608901967297118,534.0,0.08002027764088213,666.0,27,186.0,1989.0,0.09105996904714793,1.1547676237630353
Giles Hussey,2.0,4.0,6.0,124.0,23.0,20240624.0,0.06782875201075651,0.03868678838957621,0.03225806451612903,,,,,0.08072827474271059,124.0,2,9.0,131.0,0.07635078352850548,0.9682346017711463
Gilles Arnaud Bailly,4.0,4.0,9.0,357.0,50.0,20251013.0,0.04695147431127663,0.030742241897143904,0.011204481792717087,0.05217596429764464,357.0,,,,,4,52.0,296.0,0.12003199145637415,1.5221733435671916
Gilles Simon,113.0,403.0,335.0,8847.0,1368.0,20221031.0,0.04699278317872136,0.03777137202510414,0.04555216457556234,0.05275339156167246,5410.0,0.032377870132321976,1758.0,0.058346135625387374,1679.0,113,660.0,9033.0,0.07331095791939324,0.9296853662286759
Gillian Osmont,1.0,2.0,5.0,46.0,7.0,20240202.0,0.0752068745597229,0.04321048680748416,0.043478260869565216,0.08407445061281837,46.0,,,,,1,4.0,46.0,0.07969117949245832,1.0105954893278313
Giovanni Mpetshi Perricard,83.0,1311.0,374.0,7040.0,1122.0,20260116.0,0.18044922930828447,0.05218708025754542,0.1862215909090909,0.19316481622410014,4443.0,0.09093996738872512,1325.0,0.1873813492614715,1272.0,89,681.0,7087.0,0.09517059784341343,1.2068961396949667
Giulio Zeppieri,27.0,187.0,80.0,2467.0,387.0,20251013.0,0.07622681062212641,0.0328817150736442,0.07580056749087961,0.10026727065945773,712.0,0.05452677108960338,1615.0,0.11166965919477842,140.0,27,140.0,2440.0,0.06040220635691423,0.7659843621152976
Gleb Sakharov,1.0,3.0,1.0,69.0,12.0,20190114.0,0.07365088710796676,0.03256263777428131,0.043478260869565216,0.08208359269363966,69.0,,,,,1,13.0,77.0,0.09338001269106165,1.184189018408158
Go Soeda,8.0,27.0,15.0,609.0,98.0,20200831.0,0.058020085286061854,0.029010780095280412,0.04433497536945813,0.06193974724808424,609.0,,,,,8,69.0,594.0,0.10114916101975494,1.282712673182766
Gonzalo Bueno,1.0,1.0,3.0,103.0,14.0,20250912.0,0.06469635398337259,0.03433772786508536,0.009708737864077669,,,0.043481995517993685,103.0,,,1,3.0,80.0,0.07196305427840918,0.9125920649586657
Gonzalo Escobar,1.0,3.0,1.0,44.0,8.0,20240914.0,0.07779789651719912,0.034396119630941295,0.06818181818181818,0.08670541660656982,44.0,,,,,1,2.0,70.0,0.07136652351837534,0.9050272215321413
Gonzalo Lama,3.0,6.0,10.0,179.0,29.0,20230731.0,0.06483983774375891,0.041920340442379855,0.0335195530726257,0.08121773201121729,74.0,0.04727018563475411,105.0,,,3,4.0,177.0,0.06159838137545305,0.7811535324787049
Gonzalo Villanueva,1.0,3.0,3.0,70.0,11.0,20220801.0,0.07349418309284343,0.0367486747151871,0.04285714285714286,0.08190894675173829,70.0,,,,,1,8.0,76.0,0.08307198750763951,1.0534688581521543
Govind Nanda,2.0,2.0,2.0,96.0,16.0,20250714.0,0.0676255363984605,0.032806203863181324,0.020833333333333332,0.07559920357523588,96.0,,,,,2,7.0,114.0,0.074984953411744,0.950913967743915
Gregoire Barrere,95.0,484.0,240.0,8166.0,1259.0,20250127.0,0.06018471469222932,0.029683852103214795,0.059270144501591966,0.07301003625506018,4702.0,0.04343007636639836,2268.0,0.056579959877932545,1196.0,95,775.0,8174.0,0.09406837719309964,1.1929184419805474
Grigor Dimitrov,339.0,2339.0,1230.0,26681.0,4314.0,20260826.0,0.08753525593787662,0.045946304682845454,0.08766537985832615,0.09172312903438244,17409.0,0.05944017330054,6546.0,0.12389687011042239,2726.0,320,2013.0,25970.0,0.07753288836001655,0.9832253425061454
Guido Andreozzi,24.0,74.0,104.0,1934.0,293.0,20240722.0,0.04521947988587678,0.050673469201430135,0.038262668045501554,0.06613246245151688,666.0,0.03340964584526644,973.0,0.07525412369090698,295.0,24,164.0,1864.0,0.08637025885761325,1.0952955467529688
Guido Pella,126.0,560.0,316.0,10679.0,1643.0,20230828.0,0.05339311003282213,0.029810621636983295,0.052439366981927145,0.07069403729580456,4077.0,0.03964997943594945,4767.0,0.05964278119247443,1835.0,126,878.0,10583.0,0.08281364527484625,1.0501927177207222
Guillermo Garcia-Lopez,16.0,70.0,46.0,1238.0,189.0,20190826.0,0.061991615417360445,0.036796017775419985,0.05654281098546042,0.06569410304745633,871.0,0.05589497228885374,367.0,,,16,125.0,1152.0,0.1008648621479616,1.2791073663058297
Gunawan Trismuwantara,1.0,0.0,7.0,51.0,7.0,20210917.0,0.06993850566216499,0.047166024647755954,0.0,0.0787077715594612,51.0,,,,,1,2.0,33.0,0.07746481767583467,0.9823621111318854
Gustavo Heide,10.0,63.0,43.0,982.0,142.0,20250224.0,0.0684097438883042,0.04144130037347173,0.06415478615071284,0.08736740818401909,281.0,0.054379149632652876,701.0,,,10,85.0,929.0,0.08769169755728849,1.112053235594071
Hady Habib,9.0,73.0,29.0,688.0,105.0,20250714.0,0.09608664159341582,0.03977194587880325,0.10610465116279069,0.10548964416144443,401.0,0.06531505639818169,287.0,,,10,72.0,703.0,0.0938733146451826,1.190444776358866
Hamad Medjedovic,71.0,638.0,236.0,5675.0,886.0,20260114.0,0.1102127186919566,0.041197016809240816,0.11242290748898678,0.127041191649159,3028.0,0.07010945312320598,2080.0,0.12750942705809756,567.0,77,702.0,6184.0,0.11141285936416105,1.4128707071927904
Hamidreza Nadaf,1.0,3.0,5.0,68.0,7.0,20240315.0,0.0738082607983684,0.041179224607132345,0.04411764705882353,,,0.05100735843066415,68.0,,,1,2.0,38.0,0.07658051610419271,0.9711479317810647
Hamza Karmoussi,1.0,0.0,3.0,49.0,8.0,20240203.0,0.07025003575420136,0.03846743232992859,0.0,0.0790583629695256,49.0,,,,,1,7.0,50.0,0.08564948011919202,1.086155065378605
Harold Mayot,25.0,123.0,51.0,2030.0,302.0,20250421.0,0.0635976403512907,0.026860854780303676,0.06059113300492611,0.06551317142980248,1134.0,0.04026743226162642,615.0,0.11204348893565395,281.0,25,186.0,1978.0,0.09148118841616333,1.1601092738309047
Harri Heliovaara,1.0,4.0,5.0,59.0,9.0,20200306.0,0.07743413083580918,0.04198666038374278,0.06779661016949153,,,0.05418615195109112,59.0,,,1,7.0,58.0,0.08415341933108386,1.0671829244986295
Harry Bourchier,2.0,9.0,3.0,133.0,20.0,20210201.0,0.07606428903121278,0.03240502273196611,0.06766917293233082,0.08348443709815571,133.0,,,,,2,12.0,111.0,0.08520991399928847,1.0805807528779612
Hasan Ibrahim,1.0,1.0,2.0,112.0,16.0,20200306.0,0.06355911338600861,0.03178100999245691,0.008928571428571428,,,0.04271766356552895,112.0,,,1,11.0,107.0,0.0839097949775866,1.064093427338432
Haydn Lewis,1.0,6.0,3.0,50.0,8.0,20200306.0,0.0834272578969698,0.03838194914697319,0.12,0.09221601105181555,50.0,,,,,1,1.0,34.0,0.0749821798470885,0.9508787950692471
Henri Laaksonen,57.0,349.0,157.0,4912.0,746.0,20220919.0,0.0716382277962418,0.03224244674626091,0.07105048859934854,0.07697761294196173,3075.0,0.06109777952640095,1742.0,0.09151841609127342,95.0,57,357.0,4876.0,0.07364334079864224,0.9339004454963962
Henri Squire,6.0,48.0,22.0,507.0,82.0,20240914.0,0.0876981985155859,0.039991044229479536,0.09467455621301775,0.10699440994663399,100.0,0.054350672341743664,260.0,0.09744353924164598,147.0,6,68.0,497.0,0.11097242592378641,1.4072853958568743
Henrique Rocha,8.0,43.0,36.0,704.0,115.0,20250526.0,0.06752016852684457,0.0455361205762119,0.061079545454545456,0.08332728349202813,62.0,0.058417892270202325,642.0,,,9,35.0,855.0,0.05302172593915252,0.6723895594437143
Henry Bernet,2.0,16.0,4.0,146.0,27.0,20251020.0,0.08707374735098243,0.033464976403183036,0.1095890410958904,0.09431722522585531,146.0,,,,,2,19.0,154.0,0.0912315271726289,1.156943220471138
Henry Searle,3.0,24.0,15.0,296.0,46.0,20250630.0,0.0798021063989029,0.04205729470709474,0.08108108108108109,,,,,0.08951381604192578,296.0,3,28.0,278.0,0.08782045140654338,1.1136860142794824
Hernan Casanova,1.0,1.0,2.0,69.0,9.0,20220725.0,0.06938649478387295,0.034694833936328225,0.014492753623188406,,,0.046634208412688324,69.0,,,1,7.0,50.0,0.08564948011919202,1.086155065378605
Hernando Jose Escurra Isnardi,1.0,3.0,3.0,75.0,10.0,20210917.0,0.07272056011291876,0.036361846560290394,0.04,,,0.05025567104326489,75.0,,,1,3.0,58.0,0.0754197948769354,0.9564283650221825
Heve Kelley,1.0,0.0,1.0,35.0,7.0,20240202.0,0.07251095644514116,0.03510776348537456,0.0,0.0816027700536023,35.0,,,,,1,3.0,33.0,0.07977428649800557,1.011649402263648
Hiroki Moriya,3.0,4.0,4.0,204.0,30.0,20221003.0,0.05884481134708015,0.03025145217903632,0.0196078431372549,0.06539272346575661,204.0,,,,,3,20.0,213.0,0.08408200008749822,1.0662772287129911
Holger Rune,272.0,1449.0,893.0,21496.0,3399.0,20251013.0,0.06761701982342147,0.04143550772360879,0.06740788983997023,0.08149618432277135,12257.0,0.03824739562729137,7205.0,0.09092095972275283,2034.0,272,1503.0,21509.0,0.07004163887231897,0.8882258332767324
Hong Kit Wong,2.0,14.0,9.0,151.0,26.0,20240203.0,0.08265384038772489,0.042235711644533463,0.09271523178807947,0.08983158797335208,151.0,,,,,2,6.0,152.0,0.06801135154644278,0.8624789535513028
Hubert Hurkacz,381.0,4595.0,803.0,32119.0,5200.0,20260815.0,0.14227197226401905,0.02513213435579624,0.14306173915750803,0.1491087245625353,20977.0,0.11283612489527357,6804.0,0.14548366736284937,4338.0,363,2239.0,31313.0,0.07159657761970285,0.9079446289363692
Hugo Dellien,92.0,191.0,169.0,7236.0,1105.0,20250824.0,0.029143827403566844,0.02400103157623598,0.026395798783858487,0.041958491334604095,1161.0,0.0274324254061402,5683.0,0.06730002015805599,392.0,95,494.0,7281.0,0.06842107356511344,0.8676748011543121
Hugo Gaston,122.0,337.0,300.0,10222.0,1513.0,20260112.0,0.03469612747633557,0.029586883554522495,0.032968108002347875,0.04071456476475421,4942.0,0.03033811456777616,4573.0,0.05718303158552877,707.0,127,751.0,10136.0,0.07427318394586525,0.9418877365318847
Hugo Grenier,25.0,209.0,116.0,2381.0,362.0,20250210.0,0.08649488171651795,0.046843537258589696,0.0877782444351113,0.10109002337490489,1524.0,0.04934184650392902,631.0,0.09313357182936158,226.0,26,167.0,2346.0,0.07230235471727472,0.91689486854657
Hugo Nys,1.0,7.0,2.0,90.0,10.0,20240914.0,0.07865768582374778,0.033207912481914154,0.07777777777777778,,,0.05688049743989964,90.0,,,1,0.0,75.0,0.06640477063923454,0.8421052631578947
Hyeon Chung,16.0,79.0,43.0,1336.0,226.0,20250912.0,0.06367642053780899,0.03299071262450342,0.05913173652694611,0.06595461115974481,1336.0,,,,,16,145.0,1402.0,0.09797018093986483,1.24239876454368
Ignacio Buse,11.0,32.0,27.0,844.0,133.0,20250912.0,0.05107899200453088,0.03317675009335847,0.037914691943127965,0.05692346361223182,329.0,0.05122562157983696,515.0,,,25,125.0,2014.0,0.06484766613655195,0.8223590026953801
Ignacio Carou,1.0,0.0,5.0,56.0,8.0,20210918.0,0.06917163608253599,0.042262888412583195,0.0,,,0.04577070996831321,56.0,,,1,2.0,60.0,0.07291796968181828,0.9247017263480574
Iliyan Radulov,1.0,1.0,1.0,42.0,8.0,20240914.0,0.07362503632044437,0.03455175818130755,0.023809523809523808,,,0.049482904401698696,42.0,,,1,0.0,48.0,0.07040684386972412,0.8928571428571428
Illya Marchenko,16.0,91.0,48.0,1152.0,184.0,20230821.0,0.07895764565311625,0.04012363216246001,0.07899305555555555,0.08286907418399236,1042.0,,,0.08882669797094185,110.0,16,110.0,1155.0,0.09102396530780477,1.154311046048778
Ilya Ivashka,140.0,794.0,441.0,11579.0,1787.0,20230828.0,0.06891579147288057,0.038005833301288754,0.06857241557992919,0.06991628588084628,7159.0,0.05307165262020798,2537.0,0.08948822425106455,1883.0,140,821.0,11612.0,0.07097421462317985,0.9000521966619764
Ilya Snitari,2.0,1.0,6.0,153.0,18.0,20240203.0,0.0588467740572087,0.03665800563496915,0.006535947712418301,,,0.03955053118544453,153.0,,,2,1.0,110.0,0.06380836481105179,0.809179209921673
Ioannis Xilas,1.0,0.0,1.0,47.0,9.0,20240203.0,0.07056435358755349,0.03416527319046518,0.0,0.07941209166290156,47.0,,,,,1,3.0,64.0,0.07444453890869916,0.9440607568537922
Isaac Becroft,1.0,1.0,2.0,53.0,10.0,20250106.0,0.07183723190648214,0.035920258534520834,0.018867924528301886,0.08056778139805076,53.0,,,,,1,9.0,70.0,0.08626014053965193,1.0938990926393162
Ivan Gakhov,5.0,23.0,22.0,444.0,62.0,20250519.0,0.06462353797824219,0.04297615772054258,0.0518018018018018,,,0.05198038358477585,444.0,,,5,29.0,385.0,0.07712390580081072,0.9780388722822195
Ivan Ivanov,2.0,4.0,3.0,101.0,17.0,20251103.0,0.07094264681364552,0.03447480462302981,0.039603960396039604,0.08387190625994988,59.0,0.049482904401698696,42.0,,,2,14.0,103.0,0.09054128440086762,1.1481899778146014
Ivo Karlovic,37.0,792.0,160.0,3325.0,545.0,20210830.0,0.22108517209493594,0.04678439654124508,0.23819548872180452,0.21970908007363377,2497.0,0.12161223781535971,339.0,0.18031677836353247,489.0,37,289.0,3316.0,0.08626002853972993,1.0938976723238345
J.J. Wolf,98.0,677.0,313.0,7380.0,1171.0,20240729.0,0.09107227070098153,0.04206579397379665,0.09173441734417344,0.09635497580605015,5801.0,0.06283956480543831,1062.0,0.08975094434588915,517.0,98,856.0,7300.0,0.11526522935761511,1.4617241407020158
JC Aragone,2.0,9.0,6.0,129.0,18.0,20210104.0,0.07663944433579661,0.03832112876396585,0.06976744186046512,0.08388636459355032,47.0,,,0.09398675511448204,82.0,2,9.0,103.0,0.08060092654798491,1.0221323529631783
Jack Cheng,1.0,0.0,3.0,53.0,7.0,20240914.0,0.06962972638771833,0.03812776405328463,0.0,0.07836027587928697,53.0,,,,,1,3.0,42.0,0.07814992319827242,0.9910502062899538
Jack Draper,169.0,1400.0,485.0,12829.0,2070.0,20250824.0,0.10821243223627156,0.03774071185396764,0.10912775742458493,0.1120416110141414,7896.0,0.07085250203107345,2675.0,0.13066275995680224,2258.0,175,1124.0,13799.0,0.08138194704230133,1.0320367839636437
Jack Loutit,1.0,0.0,3.0,75.0,11.0,20240914.0,0.06640477063923454,0.036361846560290394,0.0,0.0747309578385621,75.0,,,,,1,11.0,62.0,0.09208282695592297,1.1677388910402273
Jack Mingjie Lin,1.0,0.0,2.0,60.0,8.0,20190211.0,0.06857014359486176,0.035373645904647685,0.0,0.07716783689851521,60.0,,,,,1,6.0,52.0,0.08305811073813366,1.0532928813281397
Jack Pinnington Jones,3.0,18.0,23.0,303.0,45.0,20250630.0,0.07047264019009447,0.05301831737715212,0.0594059405940594,,,,,0.08008764717664345,303.0,5,35.0,479.0,0.07570223669355679,0.9600101218451211
Jack Sock,45.0,317.0,189.0,4009.0,633.0,20230403.0,0.07905245317614797,0.04610385055934179,0.0790720878024445,0.08204811271481324,2909.0,0.04796622248356371,327.0,0.08977119860629186,773.0,45,417.0,3965.0,0.10275882383817558,1.3031254465159625
Jacob Fearnley,41.0,219.0,240.0,3128.0,486.0,20260113.0,0.07101538153447744,0.07207252752724998,0.07001278772378516,0.0748336910062491,1571.0,0.06443540967774587,793.0,0.07671960134465665,764.0,43,259.0,3270.0,0.07916682998736686,1.0039460050555242
Jacopo Berrettini,2.0,3.0,8.0,111.0,17.0,20230227.0,0.06759738953744894,0.04358488672434038,0.02702702702702703,0.07533699603388845,111.0,,,,,2,8.0,123.0,0.07560662725360691,0.9587976605744274
Jaime Faria,16.0,112.0,75.0,1271.0,205.0,20250912.0,0.08590201439475548,0.05342422328913102,0.08811959087332809,0.09989133718109619,546.0,0.06718408052456809,640.0,0.08721982673233061,85.0,24,172.0,2155.0,0.07966429199750936,1.0102545183284335
Jakub Mensik,109.0,1299.0,419.0,9208.0,1420.0,20260117.0,0.13848275042190222,0.04509490810950645,0.1410729800173762,0.14466597264051484,6509.0,0.09782707565555307,1500.0,0.13026992868366502,1199.0,127,801.0,10794.0,0.07437397409805578,0.943165896471556
James Duckworth,129.0,960.0,332.0,10877.0,1679.0,20260113.0,0.08792606775327094,0.03070602794325955,0.08825963041279765,0.09141802572929292,7722.0,0.06924463652131664,869.0,0.0835076753407224,2286.0,136,1314.0,10978.0,0.11825824099610094,1.499679709695015
James McCabe,8.0,61.0,21.0,636.0,99.0,20250714.0,0.08932651163478418,0.03404621343256557,0.0959119496855346,0.09726644479330716,479.0,,,0.0885127755209701,157.0,8,37.0,625.0,0.06687050346696236,0.8480114060702124
James Trotter,2.0,8.0,1.0,147.0,18.0,20250924.0,0.07228933465015797,0.02791933659257392,0.05442176870748299,0.07951957033513161,147.0,,,,,2,11.0,111.0,0.08325296683686186,1.0557639288856848
James Ward,4.0,29.0,19.0,418.0,63.0,20210619.0,0.07401255018781958,0.04067466640114662,0.06937799043062201,,,,,0.08227581413836228,418.0,4,30.0,394.0,0.07750915120105341,0.9829243221682562
James Watt,1.0,4.0,3.0,68.0,10.0,20260112.0,0.07594501293512053,0.03690572033362807,0.058823529411764705,0.08439573712247221,68.0,,,,,1,2.0,66.0,0.07197911170308242,0.9127956955367089
Jan Choinski,10.0,50.0,22.0,1075.0,155.0,20251103.0,0.0552828922397535,0.02459110312958504,0.046511627906976744,0.07814446885177086,259.0,0.04277250925266789,275.0,0.06833327945290153,541.0,14,152.0,1334.0,0.10584905770105905,1.3423139291396098
Jan Zielinski,1.0,2.0,1.0,38.0,7.0,20220103.0,0.07658051610419271,0.03486729935191309,0.05263157894736842,0.08561005701670547,38.0,,,,,1,6.0,45.0,0.08436464281716047,1.0698615333939754
Jan-Lennard Struff,327.0,3224.0,1134.0,26954.0,4206.0,20260815.0,0.11901521773976882,0.04197820710375586,0.11961118943385027,0.12093868321332772,14405.0,0.09466136045558542,7997.0,0.14808190952447098,4552.0,300,2540.0,25689.0,0.09856806570024287,1.2499807785861887
Janko Tipsarevic,18.0,95.0,50.0,1708.0,242.0,20191014.0,0.060029537976108355,0.030489505273310215,0.05562060889929742,0.07101096758581146,804.0,0.042734666393945145,533.0,0.08340028011048034,371.0,18,134.0,1537.0,0.0854632246017741,1.0837930852076028
Jannik Sinner,444.0,2784.0,858.0,33849.0,5659.0,20260712.0,0.08220801384138622,0.025468535639467955,0.08224762917663742,0.0886349874118142,21448.0,0.05082456200391218,8176.0,0.1094706196681471,4225.0,418,2322.0,34013.0,0.06839108087215984,0.8672944519060671
Jared Donaldson,3.0,18.0,19.0,222.0,31.0,20190304.0,0.07964994542385274,0.053491763852311795,0.08108108108108109,0.08600836812430385,222.0,,,,,3,14.0,183.0,0.07811709443162335,0.990633891665085
Jason Jung,25.0,75.0,58.0,1841.0,286.0,20230731.0,0.0475422873956432,0.03224983360827217,0.04073872895165671,0.052733900154155106,1373.0,0.03983099951440997,124.0,0.07433012898545746,344.0,25,228.0,1879.0,0.11388427646056885,1.4442117286933416
Jason Kubler,52.0,333.0,169.0,4425.0,688.0,20240115.0,0.07555280125463967,0.037983808728733255,0.07525423728813559,0.08504673217241623,2322.0,0.05180661092511025,968.0,0.08162971724115983,1135.0,52,405.0,4338.0,0.09213640060228713,1.1684182797217262
Jaume Munar,258.0,949.0,798.0,20596.0,3186.0,20260115.0,0.04670138436148011,0.038686982144986566,0.046076908137502426,0.06038164725437487,8187.0,0.03434811694650012,10543.0,0.06588773873132407,1866.0,258,1054.0,21044.0,0.0506221911049075,0.6419601054512243
Javier Barranco Cosano,1.0,2.0,4.0,111.0,16.0,20240520.0,0.06564044237502233,0.035757098074633925,0.018018018018018018,,,0.04475820693845563,111.0,,,1,3.0,94.0,0.06992361549319112,0.8867291319436429
Jay Clarke,10.0,58.0,50.0,899.0,130.0,20250630.0,0.06893169057246837,0.04947796544737331,0.06451612903225806,0.09589914864939007,64.0,,,0.07068956758314197,835.0,10,71.0,833.0,0.08316485486912929,1.0546465460371257
Jenson Brooksby,115.0,339.0,198.0,8913.0,1382.0,20260114.0,0.03978763728697911,0.02279307174016299,0.038034331874789634,0.04366218461370381,6322.0,0.03183306297401167,1041.0,0.04835980305906684,1550.0,126,658.0,9696.0,0.06829856042528094,0.8661211633830223
Jeremy Chardy,100.0,778.0,436.0,8691.0,1325.0,20230703.0,0.08904875877831221,0.04952941118866329,0.08951789207225866,0.10149714994105323,5142.0,0.05920085585806113,2689.0,0.10103302854379392,860.0,100,801.0,8397.0,0.09463933909896968,1.20015903661505
Jerome Kym,9.0,107.0,35.0,921.0,171.0,20250912.0,0.10487681003303286,0.03729892287368504,0.11617806731813246,0.10967165227329215,644.0,0.07218824777777079,277.0,,,10,110.0,1041.0,0.09822502848968523,1.2456305875127343
Jesper de Jong,42.0,317.0,136.0,3450.0,536.0,20260106.0,0.09053045871523023,0.039031656393802065,0.0918840579710145,0.10515599138872034,1345.0,0.06376307407657023,1527.0,0.10767036397257704,578.0,42,285.0,3363.0,0.08411965613968547,1.0667547600624918
Jesse Flores,1.0,3.0,2.0,49.0,8.0,20240202.0,0.07693155023081606,0.03624026083772369,0.061224489795918366,0.08573987744614031,49.0,,,,,1,4.0,56.0,0.07794356590709739,0.9884333075443262
JiSung Nam,4.0,21.0,14.0,251.0,39.0,20220926.0,0.08071008610389617,0.043428382666878554,0.08366533864541832,0.08082867495552833,200.0,,,0.10266433695161939,51.0,4,16.0,252.0,0.07291758597183498,0.9246968603694032
Jie Cui,1.0,5.0,1.0,42.0,8.0,20230920.0,0.08267481007610047,0.03455175818130755,0.11904761904761904,0.09162263568623755,42.0,,,,,1,5.0,50.0,0.08120503567474757,1.0297933006672575
Jirat Navasirisomboon,1.0,0.0,3.0,50.0,7.0,20200306.0,0.07009392456363646,0.03838194914697319,0.0,,,0.046380986101224056,50.0,,,1,2.0,43.0,0.07571617619331018,0.9601868941763124
Jiri Lehecka,203.0,1415.0,489.0,15588.0,2486.0,20260107.0,0.09047674919024497,0.0314781008954302,0.09077495509366179,0.09414129482185404,11173.0,0.05655206584127825,2816.0,0.11921041318918477,1599.0,216,1256.0,16468.0,0.07633046395859833,0.9679769212370641
Jiri Vesely,89.0,958.0,389.0,7750.0,1245.0,20240115.0,0.12141622896363637,0.04948121191609055,0.12361290322580645,0.1336838200298783,4062.0,0.0841230099375182,2392.0,0.13048444337569598,1296.0,89,764.0,7827.0,0.09669895053526636,1.226277787028155
Jo-Wilfried Tsonga,72.0,694.0,170.0,5468.0,878.0,20220523.0,0.12364387628725909,0.03140284204433162,0.12692026335040235,0.13713061795531287,3330.0,0.06253385625821414,1341.0,0.1406028537720805,797.0,72,418.0,5433.0,0.0770687923973318,0.9773399573293725
Joao Domingues,6.0,5.0,4.0,433.0,62.0,20200217.0,0.04386826657099209,0.02193502654998552,0.011547344110854504,,,0.031058155756963773,433.0,,,6,18.0,429.0,0.05976147895492932,0.7578590435234708
Joao Fonseca,60.0,347.0,125.0,4826.0,758.0,20251027.0,0.07243441753800926,0.02664980427021392,0.07190219643597182,0.08378868381647207,2339.0,0.052914239658713204,1752.0,0.08660935327328664,735.0,71,473.0,6010.0,0.07871174197404625,0.9981748532613347
Joao Menezes,1.0,4.0,3.0,53.0,9.0,20210222.0,0.07845974846277354,0.03812776405328463,0.07547169811320754,,,0.05490384932792677,53.0,,,1,0.0,45.0,0.07088149674974474,0.898876404494382
Joao Sousa,125.0,512.0,268.0,10172.0,1562.0,20240401.0,0.051413381200684484,0.026699950540686523,0.05033425088478175,0.06365020886424808,4651.0,0.03788699779094158,4242.0,0.06509923523834446,1279.0,125,763.0,10096.0,0.0756995299212687,0.9599757961909847
Joaquin  Aguilar Cardozo,3.0,1.0,5.0,152.0,23.0,20240913.0,0.05895338053195002,0.03491282086256873,0.006578947368421052,,,0.039622180698461636,152.0,,,3,5.0,172.0,0.06388508051335037,0.8101520722032621
Joel Schwaerzler,3.0,12.0,5.0,195.0,31.0,20250721.0,0.07318027908174186,0.03238970943888729,0.06153846153846154,0.08039031932448677,54.0,0.05891209564796825,141.0,,,4,26.0,271.0,0.08575598517680538,1.087505698303104
Johan Nikles,3.0,1.0,5.0,235.0,36.0,20220516.0,0.05124766307659277,0.030349412781319585,0.00425531914893617,,,0.03444321849693043,235.0,,,3,7.0,233.0,0.06088825600890428,0.7721481507430842
Johannes Ingildsen,2.0,9.0,17.0,152.0,22.0,20220304.0,0.07344613415513843,0.05665195129735134,0.05921052631578947,0.08507816170864915,76.0,,,0.08886894110332005,76.0,2,12.0,139.0,0.08078342496036439,1.0244466877933918
Johannus Monday,1.0,7.0,2.0,82.0,14.0,20250630.0,0.07996320758015853,0.033759081153813146,0.08536585365853659,,,,,0.09398675511448204,82.0,1,9.0,72.0,0.08589463146956866,1.0892639269925395
John Isner,164.0,3502.0,395.0,14234.0,2345.0,20230828.0,0.2414611361250264,0.02796719127484884,0.24603063088379937,0.24838077944376508,10255.0,0.18796374608129685,2153.0,0.21127655703736764,1826.0,164,1448.0,14394.0,0.10000961646976048,1.2682616562766666
John Millman,158.0,618.0,282.0,13104.0,1998.0,20230116.0,0.0480999900809861,0.02193956435990358,0.04716117216117216,0.053943547901436815,9286.0,0.03375737528292194,2677.0,0.05600364436416635,1141.0,158,1113.0,12715.0,0.08726971147949954,1.1067018625878147
John-Patrick Smith,3.0,17.0,2.0,237.0,42.0,20210222.0,0.07620449929927223,0.02554454806301089,0.07172995780590717,0.08241319462059184,237.0,,,,,3,19.0,263.0,0.07623267881393124,0.966736868990966
Jonas Forejtek,2.0,9.0,2.0,119.0,18.0,20201109.0,0.07811611956384665,0.03135236438562223,0.07563025210084033,0.08573642576747013,119.0,,,,,2,10.0,92.0,0.0844355001090171,1.0707601028466094
Jordan Thompson,272.0,1913.0,442.0,21808.0,3456.0,20260121.0,0.08756044065443248,0.02054538351567624,0.08772010271460015,0.09086216102092932,14188.0,0.05530224811222773,3178.0,0.10002098636207774,4442.0,270,1565.0,21744.0,0.07209818759274009,0.9143057441737369
Jordi Munoz-Abreu,1.0,1.0,2.0,52.0,10.0,20200306.0,0.07199616383547879,0.03599972813304853,0.019230769230769232,0.08074602870202875,52.0,,,,,1,3.0,60.0,0.07509188272529654,0.9522699808264339
Joris De Loore,1.0,4.0,1.0,55.0,8.0,20240203.0,0.07811487044755255,0.03356456509041304,0.07272727272727272,0.08680704389739999,55.0,,,,,1,11.0,52.0,0.09412005764078851,1.1935738222579313
Jose Hernandez-Fernandez,1.0,1.0,1.0,60.0,9.0,20200306.0,0.07074405663834002,0.03319973286116942,0.016666666666666666,,,0.04754661683815396,60.0,,,1,3.0,58.0,0.0754197948769354,0.9564283650221825
Jozef Kovalik,46.0,151.0,144.0,3848.0,586.0,20240915.0,0.04297134323296525,0.03725797483901552,0.03924116424116424,0.06198438696802534,1060.0,0.03700703073624617,2650.0,0.0786275389687367,138.0,46,285.0,3634.0,0.07846858355320685,0.9950912647781748
Juan Carlos Fuentes Vasquez,2.0,1.0,3.0,88.0,15.0,20240914.0,0.06668497142138609,0.03539319081175807,0.011363636363636364,0.08294819312117499,40.0,0.046588044074890235,48.0,,,2,3.0,100.0,0.06908453210727282,0.8760883823603192
Juan Carlos Prado Angelo,1.0,4.0,3.0,47.0,9.0,20240203.0,0.07951289944885102,0.03863954612111395,0.0851063829787234,,,0.055640813748435845,47.0,,,2,7.0,140.0,0.07137456676599335,0.9051292211488375
Juan Ignacio Londero,81.0,299.0,232.0,6564.0,1033.0,20220523.0,0.047464426486736995,0.035363566501455765,0.045551492992078,0.06294908761692568,1403.0,0.04167412759309922,4708.0,0.0788999014832126,453.0,81,545.0,6529.0,0.0832071389888348,1.0551827677484462
Juan Manuel Cerundolo,58.0,167.0,179.0,4590.0,695.0,20250924.0,0.039788029269265814,0.03873183910143045,0.03638344226579521,0.04958746401506526,1546.0,0.03630367701684564,2957.0,0.08891502251577073,87.0,67,310.0,5326.0,0.05964761894055823,0.7564151394719676
Juan Martin del Potro,13.0,131.0,32.0,1104.0,179.0,20220207.0,0.10807331519523697,0.03076587574211299,0.11865942028985507,0.10872572217986824,230.0,0.08892946722634033,813.0,0.10694493701774478,61.0,13,93.0,1129.0,0.08145341141506632,1.0329430520503242
Juan Pablo Ficovich,9.0,23.0,14.0,620.0,95.0,20250727.0,0.053472809856506286,0.027717526584448957,0.037096774193548385,0.06363297572523273,425.0,0.04516209032865685,195.0,,,9,36.0,598.0,0.06767762129622887,0.8582467877373893
Juan Pablo Varillas,67.0,277.0,103.0,5203.0,799.0,20240715.0,0.055067332866970624,0.020930194023940377,0.053238516240630404,0.07558659116077471,1300.0,0.04761115044928913,3819.0,0.0874000329859098,84.0,67,323.0,5150.0,0.06388148937903358,0.810106531603095
Julian Lenz,2.0,6.0,6.0,108.0,17.0,20190916.0,0.07390209853078034,0.03990526991365736,0.05555555555555555,0.08201619095127415,45.0,0.05587784826252878,63.0,,,2,5.0,102.0,0.07279335867258249,0.9231214846618844
Julius Tverijonas,1.0,2.0,3.0,53.0,8.0,20200306.0,0.07404473742524594,0.03812776405328463,0.03773584905660377,0.08277528691681456,53.0,,,,,1,8.0,52.0,0.0874828894991956,1.1094052577000564
Juncheng Shang,78.0,342.0,192.0,6325.0,978.0,20260109.0,0.05554531837228794,0.03067239808418408,0.054071146245059286,0.05546659677517994,5252.0,0.028770282382816727,534.0,0.10255763148581507,539.0,83,723.0,6626.0,0.10739286451090754,1.3618915562793126
Jurij Rodionov,42.0,240.0,114.0,3212.0,489.0,20251119.0,0.07517781452204773,0.03551270130568603,0.074719800747198,0.07472429600306808,1333.0,0.06224312390538778,1317.0,0.10218463198043695,562.0,43,242.0,3219.0,0.07558504173905399,0.9585239260936362
Justin Barki,2.0,7.0,4.0,107.0,18.0,20210917.0,0.0760202486265018,0.036039205357274035,0.06542056074766354,0.08382091710713412,107.0,,,,,2,2.0,124.0,0.06401195811762674,0.811761057481119
Justin Engel,14.0,110.0,39.0,957.0,151.0,20251222.0,0.10430528080592219,0.039257094411302824,0.11494252873563218,0.10687150621664625,400.0,0.06933645524489766,276.0,0.10616977381083752,281.0,15,125.0,1056.0,0.10751529261925577,1.3634441157325876
Kacper Zuk,6.0,29.0,19.0,490.0,69.0,20230102.0,0.06802501803779372,0.03738413159116622,0.05918367346938776,0.07271298674677523,432.0,0.05430446232653018,58.0,,,6,37.0,440.0,0.08159793577813858,1.0347758228832948
Kaichi Uchida,5.0,26.0,17.0,348.0,55.0,20221003.0,0.0769281631733107,0.04180732234777799,0.07471264367816093,0.07821228797268567,284.0,,,0.09978796544219902,64.0,5,44.0,363.0,0.09900690177409753,1.2555458330830145
Kaipo Marshall,5.0,10.0,59.0,362.0,53.0,20240914.0,0.05451740951920789,0.09615731905004977,0.027624309392265192,0.059707618075219154,362.0,,,,,5,19.0,337.0,0.06857837999136555,0.869669666405713
Kamil Majchrzak,84.0,505.0,197.0,7023.0,1098.0,20260109.0,0.07228105429794374,0.028461791339908116,0.07190659262423466,0.0823609339802826,4402.0,0.054700687497881345,1700.0,0.0676015260902198,921.0,93,864.0,7578.0,0.11225147481243875,1.4235055226730944
Karen Khachanov,406.0,3027.0,956.0,34199.0,5463.0,20260814.0,0.0883997302249671,0.028043350302498278,0.08851135998128601,0.09958236396464108,21396.0,0.059234239334864894,8883.0,0.0928938925845325,3920.0,378,2577.0,32570.0,0.07911866139076847,1.0033351599562343
Karim-Mohamed Maamoun,1.0,0.0,1.0,57.0,9.0,20220304.0,0.06902027582852606,0.03341767421474384,0.0,,,0.045670555241905525,57.0,,,1,2.0,69.0,0.07151869094591985,0.90695691710044
Karl Friberg,2.0,13.0,2.0,121.0,19.0,20240202.0,0.08549379280928293,0.031232009819842487,0.10743801652892562,0.0930848463979213,121.0,,,,,2,12.0,135.0,0.08138741318436712,1.0321061022815667
Karue Sell,1.0,0.0,0.0,38.0,7.0,20250519.0,0.07201430605853061,0.03258419432908204,0.0,,,0.047651698049202794,38.0,,,1,4.0,33.0,0.08208375532017646,1.0409366933954105
Kasidit Samrej,3.0,15.0,21.0,312.0,46.0,20250113.0,0.06536835119892755,0.04953915325300272,0.04807692307692308,0.07092304069286096,312.0,,,,,3,36.0,266.0,0.10141481389434896,1.2860815227656375
Kei Nishikori,125.0,326.0,274.0,10870.0,1692.0,20250807.0,0.03172513452117448,0.025578693621662638,0.02999080036798528,0.03830295537211651,6166.0,0.022942550332398916,3648.0,0.05240495602004144,1056.0,125,923.0,11107.0,0.08295318206775322,1.051962239196062
Kevin Anderson,71.0,1063.0,218.0,5956.0,950.0,20230731.0,0.17220614632687797,0.03654371886660446,0.1784754869039624,0.1636717697091267,3886.0,0.1308744279979436,791.0,0.17885742463679594,1279.0,71,517.0,6038.0,0.0852038313224039,1.0805036160372
Kevin King,3.0,10.0,19.0,168.0,27.0,20210104.0,0.07313779234795142,0.05857724844390482,0.05952380952380952,0.0801007129811919,168.0,,,,,3,18.0,205.0,0.08188804306386184,1.0384547885635658
Kevin Krawietz,3.0,13.0,7.0,206.0,31.0,20240202.0,0.07350208919741982,0.035102107452372834,0.06310679611650485,0.07536561565460084,71.0,,,0.09589087096295391,135.0,3,18.0,185.0,0.08468763427972036,1.0739575163777046
Khumoyun Sultanov,4.0,20.0,3.0,224.0,37.0,20240913.0,0.08259978534236605,0.02767929025022105,0.08928571428571429,0.0889378284828798,224.0,,,,,4,26.0,246.0,0.08907471525330714,1.1295918321383633
Ki Lung Ng,2.0,8.0,6.0,130.0,18.0,20240914.0,0.07460804915780454,0.03824882474743007,0.06153846153846154,0.08207019806286225,130.0,,,,,2,8.0,114.0,0.07693047870357278,0.9755859464599717
Kimmer Coppejans,12.0,62.0,18.0,1049.0,156.0,20230920.0,0.06455642929857586,0.022271826857238053,0.05910390848427073,0.09329296645063352,495.0,0.04009278408513094,370.0,0.07243427391298005,184.0,12,77.0,971.0,0.0791701430004642,1.0039880186900765
Kiranpal Pannu,5.0,20.0,20.0,354.0,51.0,20240914.0,0.06835844304195811,0.045453417925912384,0.05649717514124294,0.0736037201237626,354.0,,,,,5,31.0,313.0,0.08771706318883087,1.1123749072393387
Komlavi Loglo,2.0,5.0,4.0,99.0,16.0,20240203.0,0.07323099409546374,0.03661698820869326,0.050505050505050504,0.08115672339342084,99.0,,,,,2,7.0,109.0,0.07572154430969825,0.9602549693916941
Kris Van Wyk,2.0,9.0,5.0,162.0,26.0,20240202.0,0.07213926344063418,0.03429159629206038,0.05555555555555555,0.07917652130483452,162.0,,,,,2,0.0,155.0,0.056832911808353884,0.7207207207207207
Kristjan Tamm,2.0,17.0,9.0,208.0,25.0,20240913.0,0.07983925337769146,0.03827611367785845,0.08173076923076923,0.09469899179901628,91.0,0.05197571324091069,117.0,,,2,10.0,150.0,0.07553139282479347,0.9578435829100579
Kwok Shun Dasson Chan,1.0,2.0,2.0,83.0,11.0,20240203.0,0.06944568541125551,0.03368918657585494,0.024096385542168676,0.07763396474806832,83.0,,,,,1,11.0,82.0,0.08826196276688052,1.1192849951464419
Kyle Edmund,70.0,365.0,171.0,5271.0,835.0,20230508.0,0.06992457521665252,0.03267005415555245,0.06924682223487004,0.08200415579065629,3740.0,0.04114007249863789,1031.0,0.06811290662797816,500.0,70,552.0,5163.0,0.10489704584821793,1.3302410888278546
Kyrian Jacquet,5.0,42.0,19.0,521.0,77.0,20251103.0,0.07985045174119046,0.03612581662990004,0.08061420345489444,0.09442555023548505,336.0,0.04935289529153987,185.0,,,6,49.0,585.0,0.08176879802399635,1.0369425948655897
Laslo Djere,284.0,1592.0,924.0,22939.0,3497.0,20260825.0,0.0695634888407231,0.04020188856061262,0.0694014560355726,0.08524823142419209,8955.0,0.05366211836480261,11375.0,0.08551067330182133,2609.0,272,1154.0,21705.0,0.05363231242043141,0.6801326490523126
Laurent Lokoli,3.0,28.0,22.0,393.0,59.0,20230703.0,0.07508482478390469,0.045740072025394624,0.07124681933842239,0.08543418272409657,273.0,,,0.08519541531765451,120.0,3,24.0,360.0,0.07308192901794265,0.9267809597911532
Laurynas Grigelis,4.0,30.0,18.0,374.0,57.0,20220304.0,0.07951197164552508,0.04169493167459682,0.08021390374331551,0.07111667381223706,296.0,,,0.11360170704012625,78.0,4,22.0,386.0,0.06811993136594963,0.8638558973551781
Leandro Riedi,17.0,96.0,69.0,1319.0,204.0,20250824.0,0.07419561725051566,0.04844204602451305,0.07278241091736164,0.0832021710319791,892.0,0.057201425881900025,332.0,0.08343760801046535,95.0,17,98.0,1335.0,0.07466413029028035,0.9468454823545889
Learner Tien,71.0,296.0,272.0,5683.0,872.0,20260107.0,0.05384551472195239,0.047060969442074295,0.05208516628541263,0.0544994409946634,4600.0,0.03926671325404773,539.0,0.08612459318345375,544.0,88,633.0,7127.0,0.08828779939599261,1.1196126396989057
Leo Borg,14.0,38.0,48.0,991.0,154.0,20251013.0,0.04999444000980331,0.04476770461260815,0.03834510595358224,0.0567029842494346,808.0,0.04437640436629644,183.0,,,14,102.0,911.0,0.10186290316829627,1.2917639207669143
Leonardo Mayer,43.0,304.0,226.0,3871.0,603.0,20210308.0,0.07856292813243652,0.05625658560434042,0.07853267889434255,0.0808967559379421,1448.0,0.0761336836266067,2199.0,0.08221412814932748,224.0,43,233.0,3833.0,0.062495219951248855,0.7925266985571441
Li Tu,14.0,80.0,33.0,1076.0,169.0,20250303.0,0.07557064095774825,0.03202701701635362,0.07434944237918216,0.08291848595158167,812.0,,,0.08027351801984992,264.0,14,88.0,1072.0,0.08121077856904647,1.0298661285901358
Liam Broady,39.0,146.0,111.0,3325.0,504.0,20240701.0,0.04766235330298964,0.0336300341251377,0.043909774436090225,0.054953751571357685,1174.0,0.038499172240403015,272.0,0.05629733039279524,1879.0,39,280.0,3118.0,0.08855664185720194,1.123021937696103
Liam Draxl,2.0,17.0,14.0,167.0,25.0,20250912.0,0.08561246217572559,0.049862217136045744,0.10179640718562874,0.09258766309226983,167.0,,,,,2,9.0,161.0,0.07226785392805064,0.9164573503395341
Liam Krall,1.0,6.0,4.0,80.0,13.0,20230206.0,0.07821305427840919,0.0380664106586207,0.075,0.08645251036107708,80.0,,,,,1,6.0,71.0,0.07970757123914313,1.010803359576049
Linh Giang Trinh,2.0,0.0,2.0,142.0,19.0,20240202.0,0.05819606282958747,0.030021913498409478,0.0,0.06549299810575092,142.0,,,,,2,5.0,123.0,0.06987048958630289,0.8860554212242179
Liova Ajavon,1.0,0.0,3.0,62.0,11.0,20240914.0,0.06827330314639915,0.03738501540289597,0.0,0.07683377699852163,62.0,,,,,1,0.0,67.0,0.06754232559665184,0.8565310492505354
Lloyd Harris,140.0,1559.0,334.0,11380.0,1821.0,20250824.0,0.1350205658789165,0.02956467547675195,0.13699472759226713,0.1393620116460229,7755.0,0.07877092060610398,1820.0,0.1552388281021226,1805.0,140,804.0,11427.0,0.07064701666133731,0.895902869390611
Lorenzo Giustino,5.0,19.0,26.0,518.0,78.0,20230417.0,0.05505693469895034,0.043869147185335446,0.03667953667953668,0.08272219086057636,150.0,0.03889510904368597,368.0,,,6,35.0,477.0,0.07587487577381574,0.9621994265699673
Lorenzo Musetti,335.0,1257.0,689.0,25944.0,4136.0,20260821.0,0.048912172261373996,0.026695713525513892,0.04845050878815911,0.05917038400312704,14092.0,0.031564500233255514,9227.0,0.06290962511245632,2625.0,318,1528.0,25212.0,0.06089107707534111,0.7721839258067024
Lorenzo Sonego,362.0,2225.0,717.0,29089.0,4602.0,20260827.0,0.07652149160885878,0.024798123948460035,0.07648939461652171,0.08706144952122982,15112.0,0.049642337131812105,9186.0,0.09503017067331543,4791.0,346,1294.0,27640.0,0.04727326198479445,0.5994910055530962
Louis Van Herck,1.0,1.0,6.0,69.0,11.0,20250912.0,0.06938649478387295,0.04322361858451586,0.014492753623188406,,,0.046634208412688324,69.0,,,1,2.0,74.0,0.07076427437476036,0.8973898610128828
Louis Wessels,1.0,5.0,4.0,91.0,14.0,20230619.0,0.0744241671153491,0.03721359901453755,0.054945054945054944,,,,,0.08819066388020437,91.0,1,8.0,78.0,0.08272440596995065,1.0490610386619779
Luca Nardi,53.0,156.0,199.0,3996.0,603.0,20251013.0,0.042662025944867246,0.04851498569520881,0.03903903903903904,0.05004995078836681,2547.0,0.03319507347418613,1012.0,0.06726596889507808,437.0,54,283.0,3864.0,0.07376694794878903,0.9354679568468692
Luca Preda,1.0,3.0,1.0,64.0,8.0,20240203.0,0.07444453890869916,0.032913528267538655,0.046875,0.08296811416663145,64.0,,,,,1,0.0,47.0,0.07056435358755349,0.8948545861297539
Luca Van Assche,63.0,255.0,194.0,5198.0,795.0,20251103.0,0.051186542703400575,0.037204694018602706,0.04905732974220854,0.06748474132176792,3060.0,0.02759410176882621,1661.0,0.06761871831833563,477.0,70,527.0,5925.0,0.08830707763693856,1.1198571147269607
Luca Vanni,1.0,25.0,7.0,175.0,25.0,20190114.0,0.09833437574545463,0.0369945688976312,0.14285714285714285,0.10521253038837738,175.0,,,,,1,20.0,156.0,0.09270191736265541,1.1755898223040713
Lucas Catarina,3.0,6.0,12.0,275.0,42.0,20220411.0,0.0556181719313132,0.03892129943131546,0.02181818181818182,,,0.03980954628970492,275.0,,,3,7.0,256.0,0.0587534543500555,0.7450758832627626
Lucas Gomez,1.0,1.0,3.0,38.0,6.0,20190729.0,0.07429741108136166,0.0394335093975752,0.02631578947368421,0.08332695199387442,38.0,,,,,1,8.0,33.0,0.09132163060886007,1.1580858579224607
Lucas Miedler,2.0,12.0,2.0,154.0,21.0,20240203.0,0.07859614811125706,0.02937161934320927,0.07792207792207792,0.0817350424061932,71.0,0.061845639224742906,83.0,,,2,21.0,133.0,0.09857836032577187,1.2501113288201064
Lucas Pouille,80.0,531.0,332.0,7228.0,1092.0,20250127.0,0.07374701967142584,0.04539484492870188,0.07346430547869397,0.08492196656345458,4057.0,0.04878797631391613,1975.0,0.08226918293557667,1196.0,80,615.0,6759.0,0.09031181255114351,1.1452799541741452
Luciano Darderi,111.0,641.0,299.0,8452.0,1306.0,20260115.0,0.07597630660343836,0.03538995448668526,0.07584003786086134,0.09148130534234841,2852.0,0.06382959826039006,4345.0,0.08175324227503344,1255.0,122,846.0,9137.0,0.09201449785610112,1.1668723825946306
Luis Carlos Alvarez,2.0,1.0,4.0,116.0,18.0,20250714.0,0.06306640708069072,0.03541061456615879,0.008620689655172414,0.07073101739014921,116.0,,,,,2,12.0,109.0,0.08554472702089667,1.084826649745851
Luis David Martinez,1.0,4.0,1.0,86.0,15.0,20200306.0,0.07313223467826421,0.031423615465304394,0.046511627906976744,0.08126996908089917,86.0,,,,,1,9.0,105.0,0.08028171495769586,1.0180843040405516
Luka Mikrut,1.0,0.0,2.0,59.0,10.0,20240722.0,0.0687195338859181,0.03545071267132448,0.0,,,0.04547155500120005,59.0,,,1,1.0,67.0,0.06968365321977818,0.8836860750750604
Lukas Hellum-Lilleengen,1.0,2.0,1.0,36.0,8.0,20200306.0,0.07693180287531287,0.035027241092059486,0.05555555555555555,0.08600276370026834,36.0,,,,,1,1.0,43.0,0.07345883985019505,0.9315607157111809
Lukas Klein,30.0,207.0,99.0,2610.0,416.0,20250912.0,0.07924992227695561,0.0376318528625043,0.07931034482758621,0.08749228692552546,1583.0,0.06152035047356842,752.0,0.08489128291137829,275.0,30,199.0,2747.0,0.07325779029349742,0.9290111264539507
Lukas Lacko,6.0,29.0,12.0,411.0,65.0,20210612.0,0.07465137614505106,0.03239442307785196,0.0705596107055961,0.08827688277080781,240.0,,,0.0810886444223824,171.0,6,61.0,398.0,0.11596775194691279,1.4706331086005564
Lukas Neumayer,6.0,14.0,16.0,529.0,80.0,20250912.0,0.04902289133868289,0.032585443612635025,0.026465028355387523,0.06997842322650422,193.0,0.03922750508906362,336.0,,,7,45.0,558.0,0.07989798126684385,1.0132180247415377
Lukas Pokorny,1.0,3.0,0.0,25.0,4.0,20240202.0,0.08127592012620331,0.033580887332089256,0.12,,,0.05616810293070782,25.0,,,1,0.0,17.0,0.0756409257880969,0.9592326139088729
Lukas Rosol,9.0,45.0,32.0,756.0,124.0,20221017.0,0.06621303291837059,0.040027575359980916,0.05952380952380952,0.07668368708382453,415.0,0.048523434866471975,195.0,0.08846449810472591,146.0,9,64.0,741.0,0.0837355530706717,1.061883796532343
Luke Saville,1.0,6.0,2.0,83.0,10.0,20230920.0,0.07772725891022031,0.03368918657585494,0.07228915662650602,0.08591553824703312,83.0,,,,,1,4.0,51.0,0.0788076852630519,0.9993915482044627
M Rifki Fitriadi,2.0,7.0,4.0,104.0,18.0,20240203.0,0.07647275010642145,0.03625372443678162,0.0673076923076923,0.08431985113753372,104.0,,,,,2,4.0,106.0,0.07024163251706801,0.8907620320952822
Mackenzie McDonald,228.0,1183.0,533.0,18316.0,2858.0,20251103.0,0.06489326063547962,0.029240856866645543,0.06458833806507971,0.07005845404432288,12896.0,0.04547126294587283,2786.0,0.06634858799116031,2634.0,228,1413.0,18407.0,0.07680875557258661,0.9740423271045432
Maks Kasnikowski,2.0,15.0,7.0,232.0,32.0,20240826.0,0.07364282603423483,0.03365803341161066,0.06465517241379311,0.07990064078056487,232.0,,,,,2,11.0,206.0,0.07020175916441652,0.8902563822781931
Malek Jaziri,37.0,103.0,104.0,2771.0,402.0,20230227.0,0.04242897068862706,0.037297974492632585,0.03717069649945868,0.05326498232684932,1299.0,0.03427446156844078,1376.0,0.0933500321878636,96.0,37,186.0,2520.0,0.0745007760457659,0.944773922318456
Manas Dhamne,1.0,0.0,0.0,59.0,9.0,20230102.0,0.0687195338859181,0.031093414196378944,0.0,0.07733595854753159,59.0,,,,,1,3.0,49.0,0.07693155023081606,0.9755995349224044
Manuel Guinard,13.0,62.0,53.0,1135.0,162.0,20250210.0,0.06093958700562633,0.04382532711149051,0.05462555066079295,0.0752400048284631,630.0,0.04516181629342632,505.0,,,13,82.0,1046.0,0.07852162244373195,0.9957638720085482
Manuel Sanchez,2.0,2.0,14.0,135.0,20.0,20200306.0,0.0626958243993204,0.05284463012362231,0.014814814814814815,,,0.04275036214121649,135.0,,,2,6.0,114.0,0.07303942811991519,0.9262419890278581
Marc Polmans,20.0,90.0,80.0,2086.0,316.0,20240715.0,0.048890694309588256,0.037921109057175356,0.04314477468839885,0.05901000289146337,1320.0,0.03787907208043046,415.0,0.06964263111209101,351.0,21,178.0,2078.0,0.08456104360518014,1.0723521697697602
Marc-Andrea Huesler,77.0,669.0,202.0,6391.0,1004.0,20250912.0,0.10315745340209635,0.03184683803801177,0.10467845407604444,0.10710703516313749,3666.0,0.07977555997687934,1955.0,0.11991591108135073,770.0,77,506.0,6282.0,0.08044631338725476,1.0201716420812494
Marcel Granollers,20.0,103.0,42.0,1444.0,242.0,20190916.0,0.07296218332626703,0.030516202340638794,0.07132963988919667,0.08825843910723218,750.0,0.05040393414516491,272.0,0.07579272015228752,422.0,20,126.0,1556.0,0.0805430808045176,1.0213987881220352
Marcelo Arevalo,4.0,9.0,10.0,230.0,37.0,20240914.0,0.06435280325974034,0.03852678907323482,0.0391304347826087,0.08890809462659814,33.0,0.04501079354363622,197.0,,,4,8.0,235.0,0.06227128512383687,0.7896868920951582
Marco Cecchinato,132.0,550.0,338.0,10435.0,1591.0,20230828.0,0.05367256724076016,0.03251240213346912,0.05270723526593196,0.07406751000102156,2847.0,0.04504352003006944,7101.0,0.0747481577961447,487.0,132,627.0,10020.0,0.06319983359439889,0.8014621839398604
Marco Trungelliti,21.0,97.0,71.0,1702.0,260.0,20250714.0,0.06115236253741028,0.040567020511959054,0.05699177438307873,0.08141417200857129,687.0,0.040858920978014544,894.0,0.09654820722683367,121.0,24,152.0,1885.0,0.08032484291187589,1.0186312267518964
Marcos Baghdatis,7.0,40.0,29.0,528.0,86.0,20190701.0,0.07709295910952199,0.046629177926872774,0.07575757575757576,0.08869540732367542,361.0,,,0.08166069835128809,167.0,7,41.0,565.0,0.07517333269806882,0.9533028802716896
Marcos Giron,302.0,1601.0,513.0,24712.0,3862.0,20260824.0,0.06501044385368097,0.020996809378629258,0.06478633862091292,0.06764388786244224,15322.0,0.05071166245322626,5040.0,0.07501086651898534,4350.0,277,1855.0,22528.0,0.08228115256688924,1.0434399662595364
Marcos Lee Chan Baratau,1.0,1.0,2.0,76.0,12.0,20240914.0,0.06836610515469835,0.03418461579020575,0.013157894736842105,0.07667480036411134,76.0,,,,,1,10.0,74.0,0.08764191150556205,1.1114218789040757
Mariano Navone,83.0,212.0,203.0,6675.0,1020.0,20260113.0,0.03442293513125603,0.030709805952811017,0.03176029962546816,0.05290642494026944,2558.0,0.02248444536112355,3686.0,0.07015838262957924,431.0,94,277.0,7607.0,0.03853406594899918,0.48866579063753357
Marin Cilic,212.0,2224.0,802.0,17778.0,2817.0,20260107.0,0.1240808816180898,0.04490438316185157,0.12509843626954664,0.1288994817660031,12133.0,0.08836331944334588,3650.0,0.14417604006896884,1995.0,226,1810.0,18956.0,0.09514064197425276,1.2065162574238613
Mario Vilella Martinez,10.0,79.0,58.0,893.0,134.0,20210726.0,0.08549285851015964,0.055894723214337146,0.08846584546472565,0.09515248555169203,467.0,0.06400901179848767,426.0,,,10,41.0,834.0,0.058786277190953334,0.745492122740827
Marius Copil,32.0,335.0,108.0,2738.0,431.0,20240203.0,0.11680760549829076,0.03896490666543592,0.12235208181154127,0.12618000195799883,2140.0,0.05955389637835915,471.0,0.10873171909901394,127.0,32,198.0,2646.0,0.0753585902999463,0.955652205479491
Mark Lajal,8.0,56.0,19.0,621.0,100.0,20251013.0,0.0857416905520435,0.03258753880131042,0.09017713365539452,0.0983036523090065,368.0,,,0.08315714542906638,253.0,8,55.0,680.0,0.08013172782744112,1.0161822576878934
Marko Topo,6.0,12.0,22.0,451.0,65.0,20251013.0,0.05116600006302751,0.04262265231038535,0.026607538802660754,0.07499440994663399,100.0,0.04110711550672547,351.0,,,6,16.0,380.0,0.06095162314568771,0.7729517345651935
Marsel Ilhan,1.0,1.0,1.0,55.0,10.0,20210105.0,0.07152146385414596,0.03356456509041304,0.01818181818181818,0.0802136373039934,55.0,,,,,1,0.0,52.0,0.06978377445494781,0.8849557522123894
Martin Antonio Vergara Del Puerto,2.0,3.0,8.0,120.0,19.0,20240203.0,0.06642743471853156,0.04283053291564988,0.025,,,0.045906622587597735,120.0,,,2,3.0,124.0,0.06592035506419162,0.8359621969087014
Martin Cuevas,3.0,10.0,14.0,240.0,28.0,20210918.0,0.0649097907088069,0.044174807993965524,0.041666666666666664,0.080105349858779,143.0,0.04601900150010226,97.0,,,3,6.0,168.0,0.06609553882682466,0.8381837717611251
Martin Damm,5.0,93.0,17.0,426.0,69.0,20250824.0,0.15077756180827653,0.03785941539484012,0.21830985915492956,0.15556562345437894,426.0,,,,,15,122.0,1036.0,0.10692358360281087,1.3559404187510362
Martin Klizan,32.0,129.0,132.0,2735.0,412.0,20250331.0,0.05120965424358418,0.04665769604980477,0.04716636197440585,0.06682306985978087,1074.0,0.04022285317435476,1536.0,0.09009831612415305,125.0,32,248.0,2591.0,0.09346113876751468,1.185217810395583
Martin Landaluce,15.0,74.0,72.0,1136.0,169.0,20251222.0,0.0687124127953362,0.0561665866641523,0.06514084507042253,0.07377556858394455,664.0,0.05948560062563168,472.0,,,22,169.0,1665.0,0.0971148988153203,1.231552592323965
Martins Rocens,1.0,4.0,10.0,41.0,7.0,20240202.0,0.0805947076046177,0.05503827010462117,0.0975609756097561,0.08956282306874602,41.0,,,,,1,2.0,34.0,0.0772863273125263,0.9800986039633789
Marton Fucsovics,280.0,1203.0,950.0,23349.0,3586.0,20260813.0,0.051982915746079265,0.04060263072618375,0.051522549145573686,0.05407204001227458,13720.0,0.03642654524227688,5938.0,0.07413874748598884,3691.0,268,1079.0,22770.0,0.04793017980378232,0.6078216412515055
Matavao Fanguna,1.0,2.0,5.0,58.0,7.0,20240202.0,0.07323638876339827,0.042078334314711655,0.034482758620689655,0.08187162657929475,58.0,,,,,1,1.0,40.0,0.07395969557644638,0.9379122660455754
Mate Valkusz,5.0,17.0,21.0,391.0,63.0,20240202.0,0.06136822509941392,0.04459150077893544,0.043478260869565216,0.07122313818521438,309.0,0.04745112810280254,82.0,,,5,39.0,386.0,0.089748430093685,1.1381354775344452
Matej Dodig,3.0,8.0,13.0,230.0,34.0,20250721.0,0.06276550167243874,0.04328869383513958,0.034782608695652174,,,0.04582768848500131,230.0,,,4,5.0,256.0,0.05570467386225063,0.7064130873479664
Mateus Alves,1.0,5.0,2.0,75.0,10.0,20230220.0,0.07693108642870823,0.03425658340239566,0.06666666666666667,,,0.054466197359054364,75.0,,,1,4.0,57.0,0.07777301105828537,0.9862704337860235
Matheus Pucinelli De Almeida,3.0,3.0,2.0,151.0,24.0,20220221.0,0.06269013802837824,0.029531537415858324,0.019867549668874173,,,0.043323854347642146,151.0,,,3,5.0,158.0,0.06548793199576418,0.8304784682800465
Mathias Bourgue,2.0,5.0,3.0,169.0,25.0,20231106.0,0.06422190870586364,0.030354792822738026,0.029585798816568046,0.08245763042446137,79.0,0.044635599480715965,90.0,,,2,5.0,157.0,0.06560550458462551,0.8319694529627755
Matic Kriznik,2.0,4.0,6.0,127.0,21.0,20240202.0,0.06744263008280153,0.03846655999267161,0.031496062992125984,0.07494725801388424,127.0,,,,,2,14.0,124.0,0.08691272147640536,1.102174730612108
Matija Pecotic,2.0,12.0,11.0,146.0,22.0,20230213.0,0.07974774002497512,0.04628548922369585,0.0821917808219178,0.08699121789984798,146.0,,,,,2,4.0,146.0,0.06509572537296046,0.8255047403666901
Mats Moraing,3.0,27.0,8.0,265.0,38.0,20210520.0,0.08803348278742318,0.03349154453554577,0.1018867924528302,,,0.0564524062425847,200.0,0.11247659347350612,65.0,3,32.0,284.0,0.09289804978601815,1.1780770554410847
Matteo Arnaldi,136.0,884.0,451.0,11801.0,1778.0,20251020.0,0.07503829735707207,0.038133913377275466,0.07490890602491314,0.08015430658976498,7229.0,0.06380996629305159,3939.0,0.08741685959843208,633.0,145,703.0,12307.0,0.05780611206843758,0.733062259637789
Matteo Berrettini,308.0,3130.0,579.0,24821.0,4056.0,20260815.0,0.12535356512642784,0.02352293236256048,0.12610289674066316,0.12899931421783356,13883.0,0.08918413160767696,6315.0,0.1559429854599204,4623.0,289,1508.0,23939.0,0.0632541298349824,0.802150736125568
Matteo Gigante,13.0,66.0,59.0,1083.0,159.0,20250727.0,0.06577361163427944,0.049407873982560975,0.060941828254847646,0.08293222550515154,438.0,0.05059468301009648,645.0,,,13,61.0,1024.0,0.06498754638598063,0.8241328796792444
Matteo Martineau,2.0,8.0,6.0,130.0,21.0,20240610.0,0.07460804915780454,0.03824882474743007,0.06153846153846154,0.08605055549742265,59.0,,,0.08981234812140201,71.0,2,15.0,145.0,0.0853986533094246,1.082974231010638
Matteo Viola,1.0,0.0,6.0,62.0,8.0,20190916.0,0.06827330314639915,0.04387852189640246,0.0,0.07683377699852163,62.0,,,,,1,2.0,42.0,0.07588747975935839,0.9623592627151728
Matthew Ebden,34.0,199.0,167.0,2561.0,396.0,20240729.0,0.07785959677596636,0.061219816655230644,0.07770402186645842,0.080814007181447,1685.0,0.04667413085242316,240.0,0.09198997680036713,636.0,34,233.0,2487.0,0.09163223624996066,1.1620247713863496
Matthew Forbes,1.0,5.0,7.0,112.0,15.0,20240826.0,0.07137161338600861,0.04154663499245691,0.044642857142857144,0.07909610346350976,112.0,,,,,1,7.0,103.0,0.07662478340683183,0.9717093030226089
Matthias Bachinger,8.0,60.0,26.0,692.0,100.0,20210105.0,0.08382991396853151,0.03687900834811166,0.08670520231213873,0.08805074504103079,412.0,0.06598741727286886,280.0,,,8,42.0,639.0,0.07078177675999654,0.8976118157095607
Mattia Bellucci,44.0,341.0,148.0,3532.0,540.0,20251013.0,0.0947462528111995,0.041269551657207006,0.09654586636466592,0.09688670061997667,2299.0,0.0748444212214294,587.0,0.09589064623822213,646.0,54,368.0,4229.0,0.08631286801763587,1.0945677507236058
Mattias Siimar,1.0,0.0,2.0,49.0,8.0,20210917.0,0.07025003575420136,0.03624026083772369,0.0,0.0790583629695256,49.0,,,,,1,2.0,37.0,0.07675575755980872,0.973370238261113
Max Hans Rehberg,4.0,2.0,17.0,307.0,49.0,20240415.0,0.04744309201363,0.04423179224347657,0.006514657980456026,,,0.03234999115353723,307.0,,,4,11.0,321.0,0.05900452989408656,0.7482598719286894
Max Purcell,81.0,658.0,202.0,6607.0,1037.0,20240826.0,0.09840763037728505,0.03086511732783473,0.09959134251551385,0.11207593598181192,4146.0,0.05632736316020875,1089.0,0.08989933180879253,1372.0,81,612.0,6553.0,0.09255605724919264,1.1737401122900253
Maxim Shin,1.0,2.0,4.0,33.0,7.0,20240202.0,0.07746481767583467,0.04219833052225851,0.06060606060606061,0.08659862580442725,33.0,,,,,1,1.0,44.0,0.07329339201269462,0.9294626059911109
Maxime Cressy,101.0,1479.0,946.0,8682.0,1385.0,20240729.0,0.1663226454584493,0.10573352533760602,0.17035245335176227,0.1768166619603911,5626.0,0.10043856005030763,903.0,0.14778755031930293,2153.0,101,785.0,8610.0,0.09062622264746241,1.1492671134452548
Maxime Janvier,5.0,24.0,6.0,461.0,69.0,20240701.0,0.06450901980677864,0.02354457272489888,0.052060737527114966,0.08403660632620638,70.0,0.04953330077493014,304.0,0.0909684106061198,87.0,5,33.0,474.0,0.07384698633139178,0.9364829553566991
Maximilian Marterer,64.0,418.0,146.0,5059.0,797.0,20250526.0,0.08234883056487204,0.029359200790646262,0.08262502470844041,0.10203608765853657,2349.0,0.05598972971373937,1991.0,0.08784773544698869,719.0,64,466.0,4735.0,0.09689235950411615,1.2287304829571144
Maximus Jones,1.0,3.0,14.0,71.0,8.0,20240203.0,0.07333814448755077,0.06002521680708692,0.04225352112676056,,,0.05068247079734782,71.0,,,1,4.0,47.0,0.07951289944885102,1.0083346493069636
Mees Rottgering,1.0,0.0,2.0,70.0,8.0,20250203.0,0.06711120436943917,0.03462101514071901,0.0,0.07552596802833404,70.0,,,,,1,10.0,59.0,0.09050602626064577,1.1477428553388493
Mehluli Don Ayanda Sibanda,1.0,2.0,5.0,44.0,6.0,20211126.0,0.07554564426494687,0.04340512863995031,0.045454545454545456,,,0.05151226068817753,44.0,,,1,1.0,41.0,0.07379198651618234,0.9357854808617987
Menelaos Efstathiou,2.0,1.0,5.0,89.0,16.0,20240203.0,0.06654860133667978,0.03941079164854384,0.011235955056179775,0.0814669753868683,48.0,0.04732753683798373,41.0,,,2,6.0,101.0,0.0749346627817094,0.9502762122960462
Michael Agwi,4.0,24.0,11.0,254.0,40.0,20240913.0,0.08492701231442876,0.038642013939048835,0.09448818897637795,0.11035931856682725,121.0,0.042910776258069085,133.0,,,4,8.0,270.0,0.059018307542740914,0.7484345917618291
Michael Bassem Sobhy,1.0,2.0,1.0,71.0,11.0,20240202.0,0.07121500223701999,0.0324243675501867,0.028169014084507043,,,0.048559328546817035,71.0,,,1,0.0,81.0,0.0655764367019468,0.8316008316008315
Michael Geerts,2.0,8.0,4.0,109.0,22.0,20221017.0,0.07768618085193794,0.03589759747767767,0.07339449541284404,0.08257286193058144,42.0,0.059681892388759795,67.0,,,2,8.0,141.0,0.07309106479415232,0.9268968141967199
Michael Mmoh,58.0,381.0,203.0,4957.0,758.0,20260109.0,0.07700994326183244,0.040558498621642326,0.07686100463990317,0.07998583144704806,4032.0,0.05034714368743067,670.0,0.10275055872546618,255.0,58,444.0,4849.0,0.09059673576941063,1.1488931786366188
Michael Venus,1.0,2.0,3.0,54.0,9.0,20200113.0,0.07388164328994803,0.03804378219413643,0.037037037037037035,0.08259296249629294,54.0,,,,,1,15.0,57.0,0.10184303294012344,1.2915119385137805
Michael Vrbensky,1.0,6.0,0.0,79.0,11.0,20210105.0,0.0783763383165687,0.029795150555611556,0.0759493670886076,0.08663299576892901,79.0,,,,,1,0.0,68.0,0.06739800438811198,0.8547008547008547
Michail Pervolarakis,12.0,25.0,44.0,789.0,119.0,20230102.0,0.047554471029130706,0.049009148121226184,0.031685678073510776,0.052605400155860606,712.0,0.04794851938270613,77.0,,,12,54.0,725.0,0.07603756982545459,0.9642626144381083
Mikael Torpegaard,5.0,18.0,20.0,391.0,61.0,20220304.0,0.06263244760257447,0.043327278275774886,0.04603580562659847,0.0660600903662267,319.0,,,0.09385935585843294,72.0,5,44.0,344.0,0.1015353038355328,1.2876095035515323
Mikael Ymer,124.0,315.0,402.0,10422.0,1583.0,20251013.0,0.03202201682255003,0.038465337009437994,0.030224525043177894,0.03441170222912903,6676.0,0.029258843612717373,2364.0,0.04786847136093173,1382.0,124,632.0,10018.0,0.06369190497731199,0.8077023365284708
Mikhail Kukushkin,99.0,285.0,128.0,7921.0,1205.0,20250127.0,0.03804137315871126,0.017097930190618667,0.03598030551698018,0.042115832657966985,5809.0,0.02735705739327364,1094.0,0.054514538762468506,1018.0,99,804.0,7533.0,0.10532487911932892,1.3356666124143144
Mili Poljicak,3.0,9.0,8.0,297.0,38.0,20250721.0,0.05816680925916271,0.03195391264869144,0.030303030303030304,,,0.04285716462776302,297.0,,,3,10.0,276.0,0.06145305629236156,0.7793106073972365
Milos Raonic,96.0,1710.0,382.0,7384.0,1253.0,20240729.0,0.22373359019188546,0.050908514531877946,0.23158179848320692,0.2211533704855883,5476.0,0.10397536271659348,272.0,0.21380236540529488,1636.0,96,618.0,7934.0,0.0779388368194908,0.9883733361066553
Miomir Kecmanovic,366.0,1591.0,779.0,29346.0,4569.0,20260826.0,0.05454656982631737,0.026668186549994553,0.05421522524364479,0.059905586469568686,18271.0,0.03846991248463823,7213.0,0.06435983481116386,3862.0,339,2678.0,27687.0,0.09646962174862522,1.2233695776274582
Mirza Basic,8.0,31.0,14.0,647.0,98.0,20220926.0,0.05973473357558397,0.02700274796192735,0.04791344667697063,0.07248724284178067,407.0,0.04511163085242316,240.0,,,8,61.0,634.0,0.08949929018726925,1.1349760354576828
Mischa Zverev,19.0,76.0,51.0,1244.0,192.0,20210322.0,0.0654150036822606,0.039703088270156894,0.06109324758842444,0.0710173545980143,649.0,0.05139175321712152,298.0,0.08651594830011528,297.0,19,107.0,1183.0,0.08751880357146963,1.1098606983106067
Mitchell Krueger,27.0,131.0,66.0,2136.0,334.0,20250714.0,0.06409395349118155,0.031652948389644296,0.06132958801498127,0.06999416551450843,1793.0,0.04782152263502925,141.0,0.07691298333086437,202.0,27,231.0,2130.0,0.10377164666151636,1.3159694548902312
Moez Echargui,5.0,28.0,11.0,325.0,50.0,20251103.0,0.08212726352225712,0.034857761539500605,0.08615384615384615,0.09393975927533695,244.0,0.04962878117578134,81.0,,,6,22.0,375.0,0.06908679490791794,0.8761170778337677
Mohamed Safwat,7.0,26.0,23.0,704.0,102.0,20240202.0,0.05212161780220689,0.03376075825737132,0.036931818181818184,0.06212686979090769,445.0,0.045328442709485314,259.0,,,7,43.0,652.0,0.07085766735136541,0.8985742144318315
Mubarak Shannan Zayid,2.0,8.0,4.0,113.0,16.0,20210308.0,0.07708044065036337,0.03561769418350475,0.07079646017699115,0.08478987324233332,113.0,,,,,3,10.0,119.0,0.08004290183744973,1.0150558200395605
Muhammad Shoaib,3.0,16.0,15.0,265.0,32.0,20240914.0,0.07149212940396453,0.044017860325019455,0.06037735849056604,0.07700044462758568,61.0,,,0.08990333769069593,204.0,3,18.0,192.0,0.08368626022573718,1.061258694393509
Mukund Sasikumar,3.0,7.0,5.0,182.0,29.0,20230717.0,0.06622382483442682,0.0331131909211992,0.038461538461538464,0.07713235125151859,138.0,,,0.08851715307473051,44.0,3,18.0,183.0,0.08497815789646039,1.0776417617169078
Murkel Dellien,4.0,8.0,13.0,223.0,39.0,20240913.0,0.06347073202830884,0.04377508365351194,0.03587443946188341,,,0.04634260633314739,223.0,,,4,7.0,294.0,0.05553640641734353,0.7042792210668188
Murphy Cassone,1.0,11.0,8.0,100.0,16.0,20250721.0,0.08508453210727282,0.04454375423227587,0.11,0.092994409946634,100.0,,,,,2,27.0,171.0,0.10252585998885536,1.3001711394420943
Muzammil Murtaza,1.0,0.0,2.0,38.0,7.0,20210305.0,0.07201430605853061,0.03715040437474415,0.0,,,,,0.08744661179264919,38.0,1,2.0,39.0,0.0764060730151171,0.9689357497041148
N.Sriram Balaji,1.0,8.0,1.0,55.0,11.0,20240203.0,0.08690607923876134,0.03356456509041304,0.14545454545454545,,,,,0.1017617933300667,55.0,1,3.0,55.0,0.07591706824975035,0.9627344861102408
Nam Hoang Ly,2.0,1.0,2.0,170.0,24.0,20240202.0,0.05709169483094107,0.028547152835329714,0.0058823529411764705,0.06403018416371403,170.0,,,,,2,7.0,142.0,0.07111119198087898,0.901789260923196
Nerman Fatic,4.0,15.0,14.0,290.0,45.0,20250912.0,0.06745255949802378,0.040973734950924545,0.05172413793103448,0.08084982337047769,138.0,0.05049174591585294,152.0,,,5,16.0,329.0,0.06521572846863705,0.8270265472714003
Nicholas David Ionel,1.0,0.0,0.0,87.0,13.0,20240203.0,0.06476851345715895,0.029305702497203153,0.0,0.0728895379328891,87.0,,,,,1,4.0,87.0,0.07298206581855526,0.9255145549080345
Nick Chappell,2.0,4.0,1.0,140.0,20.0,20230227.0,0.0658190112104378,0.028281253918773952,0.02857142857142857,0.07314297217280925,140.0,,,,,2,5.0,126.0,0.06947198869512626,0.881001873194422
Nick Hardt,5.0,11.0,16.0,333.0,56.0,20240715.0,0.05803856214684367,0.04129860452406267,0.03303303303303303,0.07958278084890823,134.0,0.04152160892412492,199.0,,,5,31.0,377.0,0.08049197690300697,1.020750719255661
Nick Kyrgios,114.0,1827.0,358.0,9393.0,1551.0,20260106.0,0.18978272909768573,0.03801407915001919,0.19450654742893644,0.18917551663250273,6723.0,0.11190188032344801,421.0,0.18206931520014358,2249.0,114,1200.0,9498.0,0.12442334472152318,1.5778618379535074
Nicola Kuhn,9.0,15.0,25.0,737.0,114.0,20220718.0,0.04093427093547618,0.034539909512874174,0.0203527815468114,0.06649361106619023,194.0,0.032469247709596374,366.0,0.07851233269528657,177.0,9,42.0,739.0,0.06456739776438666,0.8188048081845773
Nicolai Budkov Kjaer,11.0,78.0,24.0,825.0,129.0,20251222.0,0.0894222580029685,0.03124234866623505,0.09454545454545454,0.10264951372624459,618.0,0.049211604193658685,207.0,,,13,69.0,834.0,0.08147671479224992,1.0332385714292298
Nicolas Alvarez,3.0,8.0,7.0,252.0,35.0,20210917.0,0.06064764732152824,0.03262557839898456,0.031746031746031744,,,0.044281355437961384,252.0,,,3,13.0,232.0,0.07047826907220951,0.8937629142099547
Nicolas Alvarez Varona,3.0,17.0,17.0,227.0,33.0,20221010.0,0.07741988206321597,0.049875402099103565,0.07488986784140969,0.08302409666663685,148.0,0.058186730157726144,79.0,,,3,11.0,221.0,0.06850606449860935,0.8687526049284783
Nicolas Arseneault,2.0,14.0,8.0,154.0,21.0,20250727.0,0.08220625641450616,0.04020194425295656,0.09090909090909091,0.08934513533089711,154.0,,,,,2,12.0,136.0,0.08123557099559031,1.0301805311952204
Nicolas Barrientos,2.0,7.0,13.0,146.0,25.0,20230203.0,0.07059023086746595,0.049948492886699516,0.04794520547945205,0.0818125352996303,95.0,0.050712735577718014,51.0,,,2,15.0,158.0,0.0834090789491692,1.0577436485677378
Nicolas Jarry,185.0,1776.0,477.0,15496.0,2455.0,20250824.0,0.11371050994298167,0.030905377272026795,0.11461022199277233,0.12081742824882037,6325.0,0.0931549965787791,7274.0,0.14945651543978247,1897.0,185,1079.0,15669.0,0.0691108510830566,0.8764221437424472
Nicolas Kicker,2.0,1.0,3.0,168.0,23.0,20220221.0,0.057292721925416214,0.030408234359397775,0.005952380952380952,,,0.03850606293230779,168.0,,,2,14.0,153.0,0.08235491148939676,1.044375332442576
Nicolas Mahut,8.0,62.0,20.0,883.0,125.0,20210202.0,0.07290901485084678,0.02671229705077002,0.07021517553793885,0.10687212820319145,138.0,0.051376004595767875,415.0,0.07849536433586349,330.0,8,85.0,801.0,0.09703769030277802,1.2305734805200002
Nicolas Mejia,12.0,38.0,29.0,922.0,132.0,20250912.0,0.05260383211318942,0.03273213095017998,0.04121475054229935,0.059478716434093915,718.0,0.046144774413163614,204.0,,,13,73.0,861.0,0.08290425539542935,1.0513417806374958
Nicolas Moreno De Alboran,18.0,104.0,38.0,1444.0,220.0,20250505.0,0.07350448267550781,0.02834700494367567,0.07202216066481995,0.08467419927801498,468.0,0.06313331667554566,976.0,,,18,97.0,1383.0,0.07209325073114774,0.9142431378716538
Nik Razborsek,1.0,8.0,4.0,116.0,17.0,20200306.0,0.07663229855355894,0.03541061456615879,0.06896551724137931,,,,,0.08973181388600843,116.0,1,21.0,110.0,0.10302405108556159,1.3064888985512095
Niki Kaliyanda Poonacha,1.0,8.0,0.0,52.0,10.0,20240203.0,0.0874828894991956,0.03157494937198658,0.15384615384615385,,,,,0.10243720346278838,52.0,1,6.0,76.0,0.07887030683537061,1.000185677227561
Nikola Mektic,1.0,4.0,0.0,42.0,8.0,20191120.0,0.08041236663718646,0.032289314742393514,0.09523809523809523,0.08936019224732353,42.0,,,,,1,4.0,53.0,0.07845974846277354,0.9949792234883285
Nikola Milojevic,12.0,34.0,39.0,887.0,144.0,20220131.0,0.05092639165006714,0.04139228991152909,0.038331454340473504,0.06583729461970925,367.0,0.04333852581038133,520.0,,,12,51.0,994.0,0.05921252945024133,0.7508975968886028
Nikolas Sanchez Izquierdo,1.0,2.0,4.0,81.0,12.0,20240520.0,0.06973444085995095,0.03798727051172128,0.024691358024691357,,,0.04754977909677926,81.0,,,1,4.0,78.0,0.07435620513313057,0.9429405611719932
Nikoloz Basilashvili,191.0,890.0,863.0,15391.0,2347.0,20251013.0,0.05835870217552,0.0555551818831067,0.05782600220908323,0.06954568155804768,9313.0,0.03593286659494099,4077.0,0.06176660390053326,2001.0,195,1624.0,15347.0,0.10513382015962637,1.3332437178844456
Nino Serdarusic,8.0,45.0,20.0,597.0,91.0,20230522.0,0.07677258380505156,0.03437500212250545,0.07537688442211055,0.09306685458331114,336.0,0.04972986950915404,261.0,,,8,79.0,524.0,0.11963448707103508,1.5171324326235944
Nishesh Basavareddy,27.0,122.0,85.0,1942.0,303.0,20251222.0,0.0655603185540719,0.04238765034847905,0.06282183316168898,0.07222087196778598,1670.0,0.04775424398591883,58.0,0.07378113349377907,214.0,30,284.0,2168.0,0.12287471419534128,1.5582230393516758
Noah Rubin,7.0,30.0,20.0,563.0,85.0,20210823.0,0.06390681833191736,0.03558865744147242,0.05328596802841918,0.07665835138848982,337.0,0.04954470865647574,102.0,0.08263667168927546,124.0,7,61.0,515.0,0.10113908858320919,1.2825849406155674
Norbert Gombos,55.0,274.0,169.0,4637.0,720.0,20250912.0,0.06065957237515116,0.03638512549456779,0.05908992883329739,0.06807174381800994,2516.0,0.0500740897776797,1914.0,0.08945900488497587,207.0,55,375.0,4644.0,0.08059918042300485,1.0221102096589896
Novak Djokovic,394.0,2715.0,993.0,32028.0,5314.0,20260815.0,0.08469662840920304,0.03106179465635062,0.0847695766204571,0.09693404354743397,17442.0,0.05524469820809829,9843.0,0.10000031420672376,4743.0,380,2553.0,32497.0,0.07856467963807146,0.9963098973862593
Nuno Borges,149.0,813.0,375.0,12646.0,1951.0,20260114.0,0.06473572482397949,0.0298384084865965,0.06428910327376246,0.06819575172511842,7555.0,0.04912984262483233,3770.0,0.09314446017732735,1321.0,164,1120.0,14012.0,0.07990162823019958,1.0132642733319153
Olaf Pieczkowski,2.0,12.0,5.0,109.0,29.0,20250912.0,0.08554472702089667,0.03786223401991736,0.11009174311926606,0.0933147445448271,109.0,,,,,2,7.0,89.0,0.07881853998698653,0.9995292012686551
Oleksii Krutykh,4.0,20.0,15.0,463.0,65.0,20240201.0,0.059724526133993525,0.03391874520989332,0.04319654427645788,0.069748637514103,367.0,0.04611178174506215,96.0,,,4,34.0,400.0,0.08192783256704551,1.0389593750522603
Oliver Crawford,1.0,5.0,3.0,131.0,20.0,20250630.0,0.06881782684300643,0.032527075548282366,0.03816793893129771,,,,,0.08154729936945451,131.0,1,21.0,110.0,0.10302405108556159,1.3064888985512095
Oliver Ojakaar,2.0,9.0,7.0,89.0,16.0,20240315.0,0.08290851953708878,0.043500771198646086,0.10112359550561797,,,0.06108679702566631,89.0,,,2,3.0,122.0,0.06617292347439925,0.8391651172033707
Oliver Tarvet,2.0,8.0,2.0,155.0,28.0,20250630.0,0.0712473262227683,0.02931869750655484,0.05161290322580645,,,,,0.08342633507239702,155.0,2,6.0,191.0,0.06352329281495163,0.8055640987484249
Olle Wallin,2.0,12.0,14.0,164.0,20.0,20250912.0,0.07720259938588016,0.05012744169528003,0.07317073170731707,0.08421490243495922,164.0,,,,,2,14.0,169.0,0.08003913190445766,1.015008012022398
Omar Jasika,2.0,5.0,3.0,207.0,31.0,20250113.0,0.060201426776995734,0.02845449277782197,0.024154589371980676,0.06671697689179076,207.0,,,,,2,36.0,193.0,0.11389926821861114,1.444401845129704
Omni Kumar,5.0,14.0,12.0,299.0,49.0,20240818.0,0.06515345644297055,0.03758494580277244,0.046822742474916385,0.07081145203621889,299.0,,,,,5,30.0,286.0,0.0897117580956799,1.137670425366757
Orel Kimhi,3.0,3.0,4.0,213.0,30.0,20250912.0,0.05634953679222905,0.029807303615233174,0.014084507042253521,0.06280131317017455,213.0,,,,,3,17.0,206.0,0.08010274926342642,1.015814769011393
Oriol Roca Batalla,1.0,5.0,3.0,60.0,8.0,20230522.0,0.07943970881225307,0.03754755894812595,0.08333333333333333,,,0.05624226901206701,60.0,,,1,2.0,40.0,0.07623242284917366,0.9667336230002417
Orlando Luz,1.0,2.0,2.0,57.0,10.0,20210918.0,0.07339664344340571,0.03560585802218367,0.03508771929824561,,,0.05004692285678517,57.0,,,1,6.0,63.0,0.08108480789122335,1.0282686444067368
Oscar Otte,77.0,656.0,336.0,6394.0,1001.0,20240617.0,0.10119844952217197,0.0515560608060256,0.10259618392242728,0.10794587523570909,3199.0,0.0650176997307192,1659.0,0.11792438841176671,1536.0,77,480.0,6331.0,0.07599795959792548,0.9637603014151725
Osgar O'Hoisin,1.0,11.0,4.0,54.0,10.0,20240203.0,0.09370543183620354,0.04024642536594259,0.2037037037037037,0.10241675104254845,54.0,,,,,1,8.0,49.0,0.08806740769184056,1.1168177649898117
Otto Virtanen,34.0,300.0,148.0,2931.0,442.0,20250912.0,0.09953235246281489,0.04871566409971118,0.1023541453428864,0.10703173844980966,1875.0,0.06591784860603894,751.0,0.10681080278748985,305.0,37,184.0,3065.0,0.06220556018863966,0.7888534080951761
Pablo Andujar,100.0,163.0,398.0,8115.0,1225.0,20230417.0,0.022847007170127588,0.04841713178110839,0.02008626001232286,0.030141579553251488,3465.0,0.021121710452864248,4139.0,0.049727350126432875,511.0,100,630.0,7961.0,0.0791223856062237,1.0033823882111594
Pablo Carreno Busta,271.0,1133.0,502.0,21587.0,3441.0,20260824.0,0.05296503688787176,0.02348077851076263,0.05248529207393338,0.05844867372604103,13809.0,0.04397893993961988,6464.0,0.055601876292403936,1314.0,239,1918.0,19456.0,0.0981840383790107,1.245110775643735
Pablo Cuevas,96.0,520.0,269.0,7545.0,1199.0,20220523.0,0.06942004607345958,0.035654106622547255,0.06891981444665342,0.08221372295798546,2282.0,0.061187958372579565,4795.0,0.08790508751748888,468.0,96,531.0,7556.0,0.07070666994138215,0.8966593563207943
Pablo Llamas Ruiz,13.0,27.0,10.0,1005.0,153.0,20250824.0,0.04166709327660954,0.01727535737803412,0.026865671641791045,0.07363907747801085,245.0,0.030923658401336915,760.0,,,15,71.0,1178.0,0.0649824246220763,0.8240679285575259
Paolo Lorenzi,23.0,99.0,72.0,2076.0,312.0,20210712.0,0.05272304767917464,0.03484324600813325,0.0476878612716763,0.06338669981427913,1359.0,0.04175020287492232,555.0,0.07526977929747393,162.0,23,216.0,2019.0,0.1023324787323838,1.2977187949448066
Patrick Kaukovalta,1.0,11.0,0.0,60.0,10.0,20231121.0,0.09248318707312263,0.03102581981769116,0.18333333333333332,0.10108088037677608,60.0,,,,,1,18.0,47.0,0.11083280996339241,1.4055148704271974
Patrick Kypson,9.0,72.0,18.0,709.0,111.0,20250807.0,0.0933654337724404,0.029099979365318246,0.10155148095909731,0.1098330108998,515.0,0.04692162246725728,194.0,,,14,149.0,1093.0,0.12092583124824943,1.5335084808760375
Patrick Zahraj,1.0,2.0,6.0,81.0,13.0,20250714.0,0.06973444085995095,0.04214527466972544,0.024691358024691357,,,0.04754977909677926,81.0,,,1,2.0,92.0,0.06817533750739108,0.8645585246343626
Patrik Niklas-Salminen,2.0,14.0,9.0,121.0,20.0,20210917.0,0.08741317860582805,0.04466771039565823,0.11570247933884298,0.09569291392111182,65.0,0.05673562224901497,56.0,,,2,11.0,122.0,0.08149859397248355,1.0335160300011208
Paul Jubb,9.0,35.0,44.0,860.0,131.0,20240701.0,0.0528113222647908,0.04624752152074439,0.040697674418604654,,,,,0.058175885686651066,860.0,9,109.0,903.0,0.10786052651852372,1.367822163887795
Pavel Kotov,82.0,303.0,220.0,6682.0,1026.0,20250331.0,0.04723838831596108,0.033079903574715894,0.04534570487877881,0.05091153968770143,3656.0,0.042313515468415226,2622.0,0.07873335319052283,404.0,82,396.0,6423.0,0.06266191793252769,0.7946406618468503
Pedja Krstin,3.0,7.0,13.0,190.0,28.0,20210520.0,0.06532587466718036,0.04622352053582701,0.03684210526315789,,,0.04723973516195055,190.0,,,3,12.0,168.0,0.07665891910851481,0.9721421914095744
Pedro Cachin,69.0,377.0,153.0,5545.0,867.0,20240715.0,0.06872031388622984,0.028136564695733883,0.06798917944093778,0.08099776142545144,1742.0,0.06040242815627796,3654.0,0.09708855367063815,149.0,69,305.0,5344.0,0.058590227377025836,0.7430059372068628
Pedro Martinez,199.0,395.0,730.0,15941.0,2382.0,20251103.0,0.02610258038391998,0.045546287076441955,0.024778872090834955,0.03786571634137456,6189.0,0.01957514534832751,8329.0,0.038015148636961246,1423.0,199,1476.0,15342.0,0.09576561212384935,1.2144417520415764
Pedro Sakamoto,1.0,2.0,2.0,41.0,8.0,20190225.0,0.07605956021232746,0.03689768053546017,0.04878048780487805,,,0.05186268423027398,41.0,,,1,6.0,54.0,0.08269221597717272,1.0486528245822007
Pedro Sousa,26.0,80.0,91.0,1999.0,303.0,20230403.0,0.04649531723786428,0.04388156611760647,0.0400200100050025,0.0638938382245907,719.0,0.03989304806189773,1176.0,0.07996352374043719,104.0,26,139.0,1907.0,0.07392382577097374,0.93745738679991
Peter Gojowczyk,75.0,468.0,339.0,5935.0,910.0,20220829.0,0.07885434349702232,0.05576509504595706,0.07885425442291491,0.08224916511317173,4445.0,0.0499229084843482,619.0,0.08914367896552348,871.0,75,659.0,5782.0,0.11170208121217023,1.4165384442858373
Peter Nagy,1.0,0.0,6.0,62.0,8.0,20190201.0,0.06827330314639915,0.04387852189640246,0.0,0.07683377699852163,62.0,,,,,1,11.0,43.0,0.0960322032813463,1.2178225003624945
Peter Polansky,3.0,13.0,10.0,219.0,34.0,20190805.0,0.07195842658099581,0.039211433144003126,0.0593607305936073,0.07834766554655412,219.0,,,,,3,41.0,222.0,0.11662743738526754,1.4789988415790682
Peter Torebko,1.0,0.0,3.0,113.0,17.0,20190715.0,0.061485898740031984,0.03366837644471333,0.0,,,0.04068507552738952,113.0,,,1,4.0,104.0,0.0705203691540405,0.8942968020639143
Petr Nesterov,2.0,5.0,6.0,124.0,18.0,20240914.0,0.06973714895732139,0.03868678838957621,0.04032258064516129,0.0817350424061932,71.0,0.05048883829039917,53.0,,,2,2.0,155.0,0.0604365154119575,0.7664194488650566
Petros Chrysochos,3.0,8.0,3.0,240.0,35.0,20240203.0,0.061784790708806894,0.026987307993965527,0.03333333333333333,0.0821147712542973,81.0,0.04449274373086015,159.0,,,3,3.0,218.0,0.055893634390997426,0.7088093708416822
Petros Tsitsipas,5.0,18.0,15.0,304.0,48.0,20240729.0,0.07037253700800626,0.04157937090360502,0.05921052631578947,0.08602673071521659,94.0,0.05224826843532922,210.0,,,5,12.0,276.0,0.06441163617401836,0.8168295336104116
Philip Henning,5.0,13.0,6.0,320.0,50.0,20240914.0,0.061864258407828346,0.02815538488352491,0.040625,0.07521629198817167,165.0,0.04841701575774923,155.0,,,5,24.0,361.0,0.07298589494564574,0.9255631135890622
Philip Sekulic,3.0,11.0,8.0,257.0,40.0,20231002.0,0.06475230753978145,0.03389935634115363,0.042801556420233464,0.07077200148145661,257.0,,,,,3,37.0,263.0,0.10338200008089957,1.3110281918883375
Philipp Kohlschreiber,71.0,361.0,122.0,5634.0,888.0,20220425.0,0.06505506563699642,0.02258400349952568,0.06407525736599219,0.07427173199795314,2865.0,0.052198019110853186,2203.0,0.080022376775549,566.0,71,446.0,5762.0,0.07749793347186569,0.9827820656903146
Pierre-Hugues Herbert,113.0,875.0,499.0,9519.0,1469.0,20250727.0,0.09139452223547095,0.05174633300898659,0.09192142031726022,0.09532117042160686,5585.0,0.06806515985995404,2845.0,0.11974588043329776,1089.0,115,658.0,9345.0,0.07075857014403657,0.8973175233981521
Prajnesh Gunneswaran,28.0,142.0,69.0,2086.0,324.0,20220131.0,0.06980783027097201,0.03349633029611341,0.06807286673058485,0.07586925620563034,1610.0,0.049720529881632225,60.0,0.07512452936909356,416.0,28,209.0,2019.0,0.09943872098124697,1.2610219039070338
Quentin Halys,113.0,1452.0,516.0,9905.0,1586.0,20260114.0,0.14396334459520974,0.05145772703698573,0.14659262998485614,0.149154439618291,6167.0,0.10807913020052541,2171.0,0.14707758818768701,1567.0,126,875.0,11042.0,0.07922935378899111,1.0047388942096251
Radu Albot,148.0,432.0,442.0,11709.0,1787.0,20250331.0,0.03828080486032178,0.0376803928578857,0.03689469638739431,0.043966825913055334,8004.0,0.027087270169778944,2401.0,0.047712215942007245,1304.0,148,1015.0,11632.0,0.08697990908025569,1.1030267632940474
Rafael Jodar,3.0,19.0,4.0,213.0,35.0,20251222.0,0.08245067871718827,0.029807303615233174,0.0892018779342723,0.08890245509513377,213.0,,,,,18,83.0,1373.0,0.06460364695636571,0.8192644985811698
Rafael Nadal,198.0,847.0,487.0,15449.0,2525.0,20241119.0,0.055432031424925005,0.03162798139416606,0.054825555052106935,0.07101146049402696,8169.0,0.031007063687536248,6175.0,0.08591469499347532,1105.0,198,1215.0,15958.0,0.07620383091170292,0.9663710372884592
Ramkumar Ramanathan,21.0,188.0,97.0,1655.0,261.0,20241002.0,0.10683321949082064,0.054146898839969794,0.113595166163142,0.10976945267366543,1217.0,,,0.10059858707062094,438.0,21,114.0,1692.0,0.0695708728745872,0.8822558627371238
Raphael Collignon,26.0,172.0,166.0,2104.0,318.0,20260109.0,0.08128684746550975,0.0719935611486174,0.0817490494296578,0.08183448517402477,1659.0,0.06298874177046161,360.0,0.10371467209315535,85.0,37,239.0,2926.0,0.08134163140518233,1.0315255253616087
Raul Brancaccio,1.0,1.0,6.0,67.0,10.0,20210522.0,0.06968365321977818,0.04340873044140886,0.014925373134328358,,,0.046833926650001766,67.0,,,1,0.0,71.0,0.0669687177359584,0.8492569002123141
Rayane Roumane,1.0,11.0,3.0,55.0,10.0,20190916.0,0.09349948583216794,0.037960169486017444,0.2,0.10219165928201537,55.0,,,,,1,9.0,53.0,0.08949727605659252,1.1349504934668404
Raymond Sarmiento,1.0,2.0,3.0,69.0,10.0,20190819.0,0.07151869094591985,0.03682703009837513,0.028985507246376812,0.07995139653159275,69.0,,,,,1,2.0,52.0,0.07420855321600976,0.9410681285843062
Rei Sakamoto,4.0,19.0,6.0,294.0,42.0,20260106.0,0.07282747269976428,0.029210197573685787,0.06462585034013606,0.07852623195002449,294.0,,,,,6,32.0,390.0,0.08043324816916002,1.0200059568629138
Reilly Opelka,216.0,3890.0,648.0,17963.0,2895.0,20260114.0,0.21355673180055745,0.036065559936619175,0.21655625452318655,0.227771390802619,13085.0,0.1520854940930869,2775.0,0.17191434916707166,2103.0,218,1603.0,17473.0,0.09145315649603517,1.1597537899214039
Remy Bertola,1.0,3.0,3.0,54.0,9.0,20251020.0,0.0760842864617542,0.03804378219413643,0.05555555555555555,0.08479560566809911,54.0,,,,,1,5.0,56.0,0.08013654836323775,1.0162433888163727
Renzo Olivo,7.0,7.0,36.0,593.0,90.0,20220221.0,0.03881396380023808,0.050626260942737096,0.011804384485666104,0.07457396002797688,76.0,0.03039415893735095,517.0,,,7,8.0,615.0,0.03895789758978957,0.49404056796101037
Ricardas Berankis,87.0,288.0,266.0,7207.0,1100.0,20240203.0,0.042006344952495916,0.03684394335692624,0.03996114888303039,0.04480952644488584,5101.0,0.0342139888215253,1233.0,0.0630806095563082,873.0,87,705.0,7111.0,0.09806181148364217,1.243560767852149
Ricardo Rodriguez - Pace,1.0,6.0,1.0,62.0,10.0,20210918.0,0.08126031613341214,0.03305601107389163,0.0967741935483871,0.08982078998553462,62.0,,,,,1,4.0,62.0,0.07693131180440782,0.975596511342452
Riccardo Bonadio,3.0,4.0,7.0,215.0,33.0,20230403.0,0.057792302526238064,0.034588418075021034,0.018604651162790697,,,0.04044137194398508,215.0,,,3,18.0,218.0,0.0801654790511916,1.0166102703575361
Richard Gasquet,190.0,906.0,581.0,15133.0,2328.0,20250526.0,0.060358093481853885,0.03832304623164475,0.05986916011365889,0.06838219904407589,8206.0,0.0463606617639152,5227.0,0.0720483885548478,1700.0,190,1556.0,14993.0,0.10313403924209942,1.3078837020361689
Rigele Te,2.0,9.0,6.0,158.0,22.0,20240913.0,0.07265639077712618,0.03632952888196763,0.056962025316455694,0.07974409493425985,158.0,,,,,2,21.0,148.0,0.09588004754313213,1.215892953031235
Rinky Hijikata,93.0,367.0,267.0,7403.0,1121.0,20260114.0,0.05107551788461315,0.03604663297656516,0.04957449682561124,0.056680760309112274,5078.0,0.032076784992398084,843.0,0.059140072245048005,1482.0,104,809.0,8027.0,0.0997439499292318,1.2648926333906518
Rio Noguchi,2.0,1.0,5.0,143.0,23.0,20221003.0,0.05993050838607074,0.03549148640172732,0.006993006993006993,0.06721400547572191,143.0,,,,,2,14.0,144.0,0.08371740083389045,1.0616536008101922
Robert Strombachs,2.0,6.0,5.0,157.0,21.0,20240202.0,0.06740083672107075,0.0345994203162261,0.03821656050955414,0.07450126566125134,157.0,,,,,2,11.0,141.0,0.07863635130062183,0.9972187941970148
Roberto Bautista Agut,343.0,1127.0,618.0,26876.0,4277.0,20260629.0,0.04247478611429962,0.02318052049846524,0.041933323411221905,0.048073211742135045,15898.0,0.030361394896479186,6743.0,0.04774576396228271,4235.0,329,2917.0,26804.0,0.10838635002402722,1.3744903405445938
Roberto Carballes Baena,231.0,617.0,607.0,18005.0,2759.0,20250824.0,0.0352372869358129,0.03375560321196077,0.03426825881699528,0.04743989146393406,6925.0,0.02562068920680432,9704.0,0.05929145043084479,1376.0,232,1209.0,17911.0,0.06774847174122858,0.8591452703623121
Roberto Cid Subervi,4.0,10.0,14.0,251.0,39.0,20210917.0,0.06381300469068574,0.043428382666878554,0.0398406374501992,0.07197160263592514,121.0,0.05447442216141665,130.0,,,4,14.0,246.0,0.07049886386011828,0.8940240848927934
Roberto Marcora,6.0,19.0,7.0,382.0,59.0,20211004.0,0.06463205377702866,0.027201888895317054,0.049738219895287955,0.06968952042623656,382.0,,,,,6,29.0,344.0,0.08137401351295216,1.0319361757278793
Roberto Quiroz,7.0,42.0,10.0,502.0,80.0,20220304.0,0.08153244573573881,0.02690895467421057,0.08366533864541832,0.08591707868438692,502.0,,,,,7,54.0,489.0,0.09622302143266188,1.2202423411055927
Robin Haase,46.0,326.0,156.0,3722.0,575.0,20240729.0,0.08673999661660271,0.04130807305097961,0.08758731864588931,0.09417650121828026,2451.0,0.05850520012734105,743.0,0.09191984479006503,528.0,46,324.0,3722.0,0.08625479525803892,1.093831307000784
Rodrigo Crespo Piedra,1.0,3.0,5.0,88.0,15.0,20240202.0,0.0707833320771238,0.03949155146749577,0.03409090909090909,0.07888771510925614,88.0,,,,,1,9.0,89.0,0.08290851953708878,1.0513958559109993
Rodrigo Pacheco Mendez,11.0,38.0,31.0,725.0,113.0,20250714.0,0.061815347603232366,0.04024166854767817,0.05241379310344828,0.061634324431279086,614.0,0.06237073140029516,111.0,,,12,87.0,792.0,0.09944820977654062,1.2611422350877741
Roey Tabet,1.0,3.0,3.0,42.0,6.0,20210918.0,0.07814992319827242,0.039076645059135606,0.07142857142857142,,,0.05400779127952675,42.0,,,1,0.0,42.0,0.07136259288153034,0.9049773755656109
Roger Federer,80.0,635.0,121.0,6667.0,1109.0,20210628.0,0.0943175698392014,0.019141343868138948,0.0952452377381131,0.10445221500593309,3530.0,0.06484132274513196,1387.0,0.09455889114659552,1750.0,80,439.0,7213.0,0.06180773230705851,0.7838083947672858
Rogerio Dutra Silva,2.0,5.0,5.0,134.0,19.0,20190211.0,0.06843120983827043,0.036089657520857556,0.03731343283582089,,,0.048448396527248735,134.0,,,2,2.0,129.0,0.06340693015810285,0.8040884576939629
Romain Arneodo,1.0,3.0,3.0,94.0,16.0,20240914.0,0.06992361549319112,0.03496331400027922,0.031914893617021274,,,0.04832276061852393,94.0,,,1,3.0,99.0,0.06922297806339962,0.8778440705013218
Roman Andres Burruchaga,11.0,12.0,27.0,907.0,134.0,20250714.0,0.03331466415733467,0.03157756474073293,0.013230429988974642,,,0.025150301259028937,907.0,,,18,81.0,1491.0,0.05951468326474691,0.7547293293835577
Roman Safiullin,129.0,890.0,425.0,10802.0,1695.0,20250824.0,0.08226586913530051,0.03921370086735743,0.08239214960192556,0.08722354251730155,7161.0,0.05422393810483266,1866.0,0.09301223722537028,1775.0,132,992.0,11430.0,0.08652090161062015,1.0972059073180689
Rowland Phillips,4.0,9.0,11.0,365.0,56.0,20240203.0,0.052996426213903804,0.03303513348514763,0.024657534246575342,0.0689901277228569,187.0,0.04303017949057236,178.0,,,4,11.0,360.0,0.05597666586004791,0.7098623258691908
Ruan Roelofse,2.0,12.0,5.0,141.0,23.0,20210918.0,0.08048478013611167,0.03562269337548602,0.0851063829787234,0.08779520327785027,141.0,,,,,2,3.0,139.0,0.06408583683420484,0.812697942820333
Ruben Bemelmans,6.0,19.0,14.0,481.0,72.0,20210918.0,0.057369200968940305,0.03209066642013387,0.0395010395010395,0.07733595854753159,59.0,0.052600059195603274,339.0,0.0813698053109324,83.0,6,34.0,424.0,0.07954158501654904,1.008698422380835
Rubin Statham,6.0,29.0,13.0,331.0,56.0,20240914.0,0.08282115739211547,0.03730762943384123,0.08761329305135952,0.08398305333330769,237.0,,,0.09980084203477803,94.0,6,40.0,349.0,0.0955170441303557,1.2112895626196627
Rudolf Molleker,12.0,80.0,40.0,1056.0,155.0,20240715.0,0.07660869921266238,0.03727464087646836,0.07575757575757576,0.09044147352300203,92.0,0.06366619366118267,776.0,0.09405036728772168,188.0,12,169.0,922.0,0.15169611653073858,1.9237186861943931
Ryan Harrison,13.0,118.0,47.0,1024.0,160.0,20210104.0,0.10501563627362108,0.0430280035927935,0.115234375,0.11478381709985759,885.0,0.04985425555760821,139.0,,,13,113.0,947.0,0.10730680479111834,1.3608001988017888
Ryan Peniston,13.0,56.0,39.0,986.0,151.0,20230703.0,0.0631618081195068,0.0384356977749913,0.056795131845841784,0.07601114555314133,67.0,,,0.07149478086821862,919.0,13,77.0,991.0,0.07803182318737341,0.9895525331589468
Saba Purtseladze,4.0,26.0,5.0,298.0,46.0,20240914.0,0.08243877658114099,0.027610139134868105,0.087248322147651,0.08810487818526791,298.0,,,,,4,15.0,338.0,0.0630654011566889,0.7997573928195092
Salvatore Caruso,56.0,188.0,151.0,4510.0,678.0,20220117.0,0.044713292475282364,0.033660260105119744,0.041685144124168516,0.06572929025217865,2270.0,0.02622489870589173,1883.0,0.06248562214686968,357.0,56,383.0,4429.0,0.08584432927182366,1.0886260248499418
Sam Querrey,89.0,1395.0,390.0,7240.0,1158.0,20220829.0,0.18672019189183722,0.05291516716179816,0.19267955801104972,0.1792048834827601,4106.0,0.12115997217617101,903.0,0.19927845532694044,2231.0,89,745.0,7279.0,0.10112544160094236,1.2824118778147702
Sam Riffice,1.0,1.0,9.0,96.0,13.0,20210830.0,0.06560940736620244,0.04691910708898778,0.010416666666666666,0.07358307454297781,96.0,,,,,1,14.0,82.0,0.09448602915692202,1.19821485236669
Sandro Ehrat,3.0,17.0,2.0,217.0,33.0,20210719.0,0.0786746613511125,0.026372572311406703,0.07834101382488479,,,0.061379973655673936,217.0,,,3,7.0,241.0,0.060128340177279894,0.7625113563500349
Sanjar Fayziev,6.0,33.0,14.0,467.0,66.0,20220304.0,0.07444321344133381,0.03260885480523407,0.07066381156316917,0.07900485002689388,467.0,,,,,6,44.0,436.0,0.09036156226511532,1.1459108500506459
Santiago Giraldo,6.0,21.0,15.0,528.0,82.0,20200306.0,0.05661882117848751,0.031542971030321054,0.03977272727272727,0.07045365869833106,189.0,0.04854051927679407,339.0,,,6,41.0,508.0,0.07989236349519428,1.013146783548657
Santiago Rodriguez Taverna,1.0,9.0,7.0,163.0,25.0,20220523.0,0.07201112975779114,0.037783085463832924,0.05521472392638037,,,0.05305762654627145,163.0,,,1,2.0,151.0,0.060875255995710364,0.7719832924139862
Sebastian Baez,222.0,427.0,398.0,17016.0,2608.0,20260117.0,0.02632879341143985,0.02367201866766984,0.0250940291490362,0.02962113609509709,6470.0,0.025500987168227025,9673.0,0.04815523642197985,873.0,230,1064.0,17803.0,0.0601847094464449,0.7632261974343012
Sebastian Dominko,4.0,37.0,14.0,288.0,45.0,20240202.0,0.09962538670586688,0.041092844645549326,0.1284722222222222,0.10559062269551804,154.0,0.06530232911151838,134.0,,,4,13.0,302.0,0.06345052144392652,0.8046412560978511
Sebastian Fanselow,1.0,1.0,3.0,49.0,6.0,20240520.0,0.07247720724640626,0.03846743232992859,0.02040816326530612,,,0.04871145600345395,49.0,,,1,0.0,37.0,0.0721790985209071,0.9153318077803203
Sebastian Korda,261.0,1953.0,596.0,20641.0,3290.0,20260324.0,0.09431786825976125,0.029003938839225224,0.0946175088416259,0.10411117044267354,14291.0,0.05929937238970574,4151.0,0.09553736666609479,2199.0,253,1379.0,20407.0,0.06779171750149644,0.8596936870194327
Sebastian Ofner,102.0,783.0,310.0,8733.0,1349.0,20251013.0,0.08918671477648488,0.035505515943954666,0.08965991068361388,0.10449194347052668,3050.0,0.06403611815046394,4236.0,0.11927537410134291,1447.0,105,623.0,8695.0,0.07196726399710131,0.9126454500729116
Seongchan Hong,10.0,41.0,19.0,735.0,108.0,20240729.0,0.06391389079615543,0.02931442917721404,0.055782312925170066,0.06739841847869339,735.0,,,,,10,60.0,682.0,0.08460468211981184,1.0729055671009158
Sergey Fomin,4.0,22.0,11.0,343.0,44.0,20240913.0,0.07206226925119301,0.03401329356142387,0.0641399416909621,0.07738520184834051,343.0,,,,,4,40.0,307.0,0.10119132397968375,1.2832473584188504
Sergiy Stakhovsky,18.0,152.0,54.0,1583.0,240.0,20211126.0,0.09255787496401231,0.034428581500825985,0.09602021478205938,0.08936691360353288,1105.0,0.048687088946965974,193.0,0.12160819848931437,285.0,18,104.0,1493.0,0.07160183098448833,0.9080112489411151
Shintaro Mochizuki,31.0,104.0,120.0,2470.0,378.0,20260104.0,0.04722727040196391,0.04678462617287037,0.042105263157894736,0.051088648943377384,1802.0,0.045385846251005155,148.0,0.06663219126650037,520.0,34,288.0,2749.0,0.10147420325615637,1.2868346628438603
Sho Shimabukuro,10.0,48.0,24.0,689.0,111.0,20250924.0,0.07304156662409221,0.035144056121338786,0.06966618287373004,0.07839961042733432,614.0,,,0.08905603361090599,75.0,17,126.0,1229.0,0.09671102888498245,1.2264309573767347
Siim Troost,1.0,3.0,2.0,55.0,8.0,20210917.0,0.07591706824975035,0.03576236728821525,0.05454545454545454,0.0846092416995978,55.0,,,,,1,6.0,50.0,0.0834272578969698,1.0579741830229312
Simone Bolelli,4.0,7.0,4.0,276.0,45.0,20190527.0,0.05701518646987635,0.027029404017955526,0.025362318840579712,0.0689901277228569,187.0,0.046771868600308436,89.0,,,4,27.0,251.0,0.08992667596564732,1.140395884211115
Sina Moghimi,2.0,0.0,7.0,138.0,23.0,20240315.0,0.05862874731159184,0.03953880504858352,0.0,,,0.03879450510325432,138.0,,,2,13.0,168.0,0.0784194824887965,0.9944685946843158
Skander Mansouri,3.0,10.0,10.0,178.0,28.0,20240913.0,0.07187243261874811,0.0419928669829376,0.056179775280898875,0.082803364723935,77.0,0.05363561625858448,101.0,,,3,4.0,183.0,0.06096443576953072,0.7731142165355279
Soonwoo Kwon,123.0,617.0,403.0,10343.0,1609.0,20250912.0,0.060368823052558536,0.03884128056559043,0.059653872184085854,0.0643661462667832,7469.0,0.04878853177094112,1811.0,0.06650828158932355,1063.0,123,1227.0,10414.0,0.11638082726591793,1.4758714807365687
Stan Wawrinka,201.0,1712.0,384.0,17312.0,2751.0,20260111.0,0.09843847482235979,0.022485991255427842,0.0988909426987061,0.1109605729097929,11059.0,0.06987583600101571,5065.0,0.09653754153978612,1188.0,208,1214.0,17873.0,0.06816298725188182,0.8644019061404565
Stefan Dostanic,3.0,21.0,11.0,280.0,42.0,20250824.0,0.07726803831417119,0.037164525170791086,0.075,0.08308412496076029,280.0,,,,,3,20.0,282.0,0.0755751701666223,0.9583987407640229
Stefan Kozlov,14.0,21.0,63.0,1124.0,167.0,20220919.0,0.03447655252863282,0.050703331441035386,0.018683274021352312,0.03948133208362878,955.0,,,0.072586319798208,169.0,14,77.0,1061.0,0.0742931321380126,0.9421407074771355
Stefano Napolitano,7.0,53.0,17.0,653.0,98.0,20240715.0,0.08028705228265566,0.029697888999181327,0.08116385911179173,0.09099632918878732,89.0,0.06206387528289265,468.0,0.0993984192846378,96.0,7,36.0,607.0,0.06707275675634201,0.8505762603395377
Stefano Travaglia,70.0,451.0,207.0,5714.0,874.0,20230828.0,0.0789241521186844,0.036191016865577026,0.07892894644732236,0.08819405750504046,3234.0,0.059449204183082444,2121.0,0.09921161523739176,359.0,70,384.0,5526.0,0.07012188087304023,0.8892434139487718
Stefanos Sakellaridis,6.0,30.0,8.0,444.0,64.0,20251103.0,0.07291737684080143,0.026388479995424097,0.06756756756756757,0.07760332342810071,444.0,,,,,6,22.0,390.0,0.06777502032105875,0.8594819434445191
Stefanos Tsitsipas,492.0,3524.0,1178.0,39143.0,6403.0,20260827.0,0.08991584518255157,0.03015127524760736,0.09002886850777916,0.10063658547201093,23473.0,0.06362985861021923,12375.0,0.10914793395539388,3295.0,464,2399.0,37443.0,0.06422699749104555,0.814488057158988
Stephane Robert,1.0,8.0,3.0,96.0,12.0,20200112.0,0.07972231059200889,0.03482233289543939,0.08333333333333333,0.08769597776878427,96.0,,,,,1,11.0,66.0,0.09129241642411247,1.1577153812458907
Steve Darcis,20.0,89.0,37.0,1417.0,219.0,20200103.0,0.06634136821884228,0.028217874031996663,0.06280875088214538,0.07350759144533672,1076.0,0.04546941665819205,125.0,0.08328184409931874,216.0,20,134.0,1380.0,0.09300127306384068,1.1793860708129922
Steve Johnson,112.0,921.0,371.0,9485.0,1474.0,20240205.0,0.09636239413795006,0.038975404867591094,0.09710068529256721,0.10389068055572394,6102.0,0.06887096397585009,1689.0,0.09374480227563532,1694.0,112,1080.0,9045.0,0.11768578782992445,1.4924202037964462
Steven Diez,9.0,10.0,16.0,650.0,93.0,20240101.0,0.03956406290822515,0.028830359158226605,0.015384615384615385,0.0618765758635594,206.0,0.03420787173643462,444.0,,,9,48.0,600.0,0.07954226605363642,1.0087070588825529
Strong Kirchheimer,2.0,9.0,4.0,134.0,19.0,20240819.0,0.07592184654239029,0.034216998344827596,0.06716417910447761,0.08332809920096816,134.0,,,,,2,11.0,116.0,0.08244625204193103,1.0455336582569477
Stylianos Christodoulou,2.0,10.0,2.0,104.0,17.0,20240203.0,0.0824251310588024,0.03228547046852765,0.09615384615384616,0.09443823327403778,50.0,0.052580272567292564,54.0,,,2,3.0,112.0,0.06746536338600861,0.8555550608987491
Sumit Nagal,43.0,62.0,100.0,3367.0,511.0,20250912.0,0.024832032400752962,0.030334981979330482,0.018414018414018414,0.03247532942678364,1740.0,0.024066864504486266,1506.0,0.07927373505792773,121.0,45,250.0,3475.0,0.07265606865900294,0.921380455487302
Sylvestre Monnou,1.0,5.0,5.0,70.0,10.0,20220304.0,0.0777495022417796,0.04100399386412327,0.07142857142857142,0.08616426590067446,70.0,,,,,1,6.0,60.0,0.08161362185573133,1.0349747442615633
Taha Baadi,1.0,1.0,0.0,82.0,10.0,20250331.0,0.06751507480007554,0.029609703560452148,0.012195121951219513,,,0.04537643930612204,82.0,,,1,1.0,79.0,0.0679379249553996,0.8615478017955182
Tallon Griekspoor,260.0,2173.0,849.0,21786.0,3417.0,20260809.0,0.09936636915413488,0.03891065884414216,0.0997429541907647,0.10961348450156558,13216.0,0.06847358046439783,5469.0,0.10662713966443312,3101.0,243,2004.0,19903.0,0.10025820154921128,1.271414062372387
Tao Mu,1.0,1.0,7.0,46.0,8.0,20230920.0,0.07296472209335518,0.04769479174021959,0.021739130434782608,0.08183229814645067,46.0,,,,,1,0.0,51.0,0.06993850566216499,0.8869179600886918
Taro Daniel,152.0,654.0,336.0,11849.0,1840.0,20250917.0,0.055967202714804175,0.028595956985561104,0.05519453118406616,0.06274060502093234,7641.0,0.042751768808839644,3667.0,0.07470947498956466,541.0,152,1025.0,11562.0,0.08832488430476813,1.120082928152024
Tatsuma Ito,5.0,28.0,18.0,421.0,67.0,20200120.0,0.07252407558299197,0.03930801110370029,0.0665083135391924,0.07734129716603776,421.0,,,,,5,49.0,446.0,0.0952036241768752,1.207314959743033
Taylor Fritz,478.0,5143.0,1067.0,38926.0,6374.0,20260821.0,0.13158069129974154,0.027495089180596496,0.1321224888249499,0.13394551305939498,25786.0,0.09487965289396563,6734.0,0.15476074286881875,6406.0,450,3113.0,37262.0,0.08349376735313145,1.0588176158447655
Tennys Sandgren,78.0,716.0,229.0,6772.0,1050.0,20240205.0,0.10423065617033413,0.03391967054045426,0.10572947430596574,0.1110323964978531,4576.0,0.06513820885511551,949.0,0.10340110258966628,1247.0,78,493.0,6598.0,0.07495602544350334,0.9505471206925147
Terence Atmane,31.0,234.0,115.0,2262.0,358.0,20260112.0,0.09975291737552082,0.0485619373088422,0.10344827586206896,0.10903368257962015,1714.0,0.06315553137716332,548.0,,,46,211.0,3258.0,0.06630461073090115,0.8408350955908204
Thabo Ncube,1.0,1.0,7.0,60.0,8.0,20211126.0,0.07074405663834002,0.04624321112203899,0.016666666666666666,,,0.04754661683815396,60.0,,,1,1.0,56.0,0.07136461853867634,0.905003063728187
Thai-Son Kwiatkowski,4.0,29.0,18.0,377.0,58.0,20230821.0,0.0779179743290044,0.041533947382416905,0.07692307692307693,0.08300798580864478,377.0,,,,,4,28.0,339.0,0.08057140196703168,1.0217579400290786
Thanapet Chanta,1.0,4.0,7.0,70.0,9.0,20240203.0,0.0756218426673115,0.04525931301305944,0.05714285714285714,,,0.05291796541606558,70.0,,,1,8.0,53.0,0.08728977053782871,1.1069562394711379
Thanasi Kokkinakis,111.0,1309.0,318.0,10118.0,1573.0,20260114.0,0.12745220251508238,0.03159078504621962,0.1293733939513738,0.13579263353941928,8043.0,0.07640757046350531,1640.0,0.12131930055710222,435.0,114,855.0,10381.0,0.08223191411312832,1.0428155538767712
Theo Papamalamis,1.0,1.0,2.0,58.0,8.0,20241103.0,0.07105298264986115,0.0355281159741003,0.017241379310344827,0.07968822046575763,58.0,,,,,1,3.0,37.0,0.07904408707925951,1.0023894535015092
Thiago Agustin Tirante,23.0,110.0,50.0,1893.0,298.0,20250807.0,0.06172798345121518,0.02802960188231048,0.05810882197569995,0.08900502386298327,437.0,0.04949970029393902,1456.0,,,36,136.0,2866.0,0.051298917958859894,0.6505419473873951
Thiago Monteiro,154.0,934.0,324.0,12441.0,1986.0,20250714.0,0.07519213971292238,0.026343110125078884,0.0750743509364199,0.08811537275757834,5019.0,0.06420858838108973,6731.0,0.0855193546885246,691.0,154,1262.0,12426.0,0.10085313161185377,1.278958606719719
Thiago Seyboth Wild,92.0,501.0,284.0,7508.0,1138.0,20250912.0,0.06734221877258932,0.037717738633806015,0.06672882258923815,0.08411591839265178,2578.0,0.05523596987922609,4522.0,0.09071982173908459,408.0,92,492.0,7169.0,0.06916927811515872,0.8771630801355745
Thiemo de Bakker,1.0,9.0,4.0,55.0,7.0,20190610.0,0.08910388143656355,0.04015797168381964,0.16363636363636364,,,,,0.10395959552786889,55.0,1,3.0,42.0,0.07814992319827242,0.9910502062899538
Thomas Fabbiano,33.0,71.0,96.0,3099.0,473.0,20220214.0,0.02930616349060772,0.03151525496317174,0.02291061632784769,0.03850260663341662,1405.0,0.025383354243668586,895.0,0.052795342756614135,799.0,33,429.0,3084.0,0.132187791634224,1.6763258722051708
Thomas Fancutt,1.0,5.0,1.0,59.0,10.0,20210201.0,0.07961278007328194,0.03327206343385171,0.0847457627118644,0.08822920473489541,59.0,,,,,1,6.0,55.0,0.08251047484315695,1.0463480930996025
Thomas Yaka Kofi Setodji,4.0,19.0,9.0,220.0,37.0,20240914.0,0.08151978395747808,0.03753528567119022,0.08636363636363636,0.08789871769889838,220.0,,,,,4,11.0,255.0,0.06495002450936857,0.8236570498634886
Thomaz Bellucci,2.0,3.0,6.0,140.0,19.0,20230220.0,0.06396715935858595,0.03754051317803322,0.02142857142857143,0.08208359269363966,69.0,0.044313044045755465,71.0,,,2,3.0,119.0,0.06655542592222816,0.8440157826207314
Tim Smyczek,4.0,13.0,9.0,251.0,38.0,20190727.0,0.06842129962156131,0.035747891115419254,0.05179282868525897,0.0779061728995154,184.0,,,0.08844029114599646,67.0,4,25.0,248.0,0.08725658341610557,1.1065353804032863
Tim van Rijthoven,19.0,253.0,71.0,1718.0,278.0,20240610.0,0.13434479039359604,0.040260565210641135,0.14726426076833526,0.12553684639630458,759.0,,,0.1334081059346434,959.0,19,144.0,1692.0,0.08391121704284724,1.0641114611126472
Timofey Skatov,17.0,34.0,45.0,1495.0,216.0,20251013.0,0.03458694778556011,0.03127803541748704,0.02274247491638796,0.043627185307580696,895.0,0.033871443745550824,600.0,,,19,142.0,1583.0,0.08751501061706324,1.1098125983497487
Titouan Droguet,7.0,58.0,17.0,659.0,100.0,20250721.0,0.0845536034500816,0.029529629004851687,0.08801213960546282,0.09338907874627318,387.0,0.06082060081183158,272.0,,,14,77.0,1155.0,0.06980210035603628,0.8851881502405755
Tobias Kamke,1.0,0.0,8.0,110.0,16.0,20190826.0,0.06184758049732629,0.043670347286544973,0.0,0.06960236269277842,110.0,,,,,1,12.0,98.0,0.08743426918400886,1.1087886841779884
Tom Kocevar-Desman,1.0,2.0,1.0,45.0,8.0,20210917.0,0.07537587877221666,0.03431882498008525,0.044444444444444446,,,0.05139650279899061,45.0,,,1,0.0,50.0,0.07009392456363646,0.8888888888888888
Tomas Barrios Vera,28.0,94.0,51.0,2236.0,331.0,20250912.0,0.04762604933749484,0.024761713625242005,0.04203935599284436,0.06864562699818054,525.0,0.04122209070533972,1295.0,0.06777158819262297,416.0,29,186.0,2135.0,0.08581548956750944,1.0882602971084385
Tomas Berdych,22.0,148.0,56.0,1859.0,293.0,20190826.0,0.07947864809811261,0.03110751532365557,0.07961269499731038,0.08256541167125897,1774.0,,,0.08721982673233061,85.0,22,155.0,1841.0,0.0832406363470042,1.055607561047855
Tomas Machac,131.0,748.0,361.0,10694.0,1661.0,20260117.0,0.07026701514815543,0.03382656184569478,0.06994576397980176,0.07739030015958354,7579.0,0.04549330339440551,2147.0,0.0798988420798102,968.0,143,1050.0,11537.0,0.09060419419063721,1.1489877618376343
Tomas Martin Etcheverry,193.0,1241.0,335.0,15724.0,2436.0,20260113.0,0.07892224423552695,0.02166161480501972,0.07892393792928008,0.09291116997046263,7613.0,0.06217338086948961,6691.0,0.08258330547537382,1420.0,206,1229.0,17002.0,0.07243663176954583,0.9185976891624733
Tomasz Berkieta,1.0,13.0,4.0,73.0,11.0,20250912.0,0.09416969567364991,0.0386297613449005,0.1780821917808219,0.10253108873851373,73.0,,,,,1,4.0,75.0,0.0748258232708135,0.9488959752425532
Tommy Paul,367.0,2023.0,810.0,30142.0,4808.0,20260820.0,0.06726940822649585,0.02698814344562039,0.06711565257779842,0.07280460769490274,18960.0,0.04617175380360232,7026.0,0.08018033713019762,4156.0,336,1690.0,28276.0,0.060034253942447914,0.7613182114482451
Tommy Robredo,2.0,2.0,3.0,96.0,15.0,20220418.0,0.0676255363984605,0.03482233289543939,0.020833333333333332,,,0.04611178174506215,96.0,,,2,3.0,97.0,0.06950154135540525,0.8813766422136007
Trent Bryde,1.0,2.0,0.0,97.0,14.0,20210726.0,0.0674894689207976,0.028716050535488803,0.020618556701030927,0.07544709250164386,97.0,,,,,1,10.0,97.0,0.08358604839765878,1.059987868411533
Trevor Svajda,1.0,0.0,1.0,74.0,9.0,20250203.0,0.06654486509205992,0.032219150034046275,0.0,0.07488861808716665,74.0,,,,,1,9.0,55.0,0.08910388143656355,1.1299617000889641
Tristan Boyer,14.0,60.0,30.0,1218.0,193.0,20250824.0,0.05657742030509049,0.027362099577341124,0.04926108374384237,0.06170465795015303,1018.0,0.048119072909251374,200.0,,,15,115.0,1323.0,0.0850506477386166,1.0785610341881113
Tristan Lamasine,4.0,4.0,7.0,286.0,40.0,20210105.0,0.05181088346011139,0.03100856722469087,0.013986013986013986,0.06585752314158998,139.0,0.045468818547624905,147.0,,,4,16.0,287.0,0.06920271623527861,0.8775871222137568
Tristan Schoolkate,21.0,212.0,102.0,1881.0,294.0,20260113.0,0.10676995442947673,0.050974080278885545,0.11270600744284955,0.11040056972733664,1715.0,0.051639608274552544,101.0,0.10172390530146311,65.0,23,199.0,1975.0,0.09707042781205744,1.2309886378739296
Tung-Lin Wu,11.0,39.0,18.0,824.0,120.0,20250912.0,0.05763257030525851,0.02636591267658328,0.04733009708737864,0.06086372955336356,824.0,,,,,11,97.0,833.0,0.10425163507999709,1.322056378609212
Ugo Blanchet,11.0,77.0,55.0,1086.0,167.0,20251103.0,0.0730432476807782,0.046616337224857286,0.070902394106814,0.07525272531744642,776.0,0.06319921654302932,310.0,,,11,92.0,1050.0,0.08520156279561132,1.0804748479482018
Ugo Humbert,338.0,2388.0,908.0,27512.0,4381.0,20260816.0,0.08668466129455563,0.03304212801361916,0.08679848793253853,0.09421843984145484,16672.0,0.05587819716743967,5056.0,0.09206041655323097,5784.0,308,1987.0,25138.0,0.07904073404548659,1.002346932348879
Ulises Blanch,1.0,13.0,5.0,159.0,25.0,20200831.0,0.07968205018539608,0.03447562990364568,0.08176100628930817,0.0867570750864347,159.0,,,,,1,15.0,140.0,0.08618938158080816,1.0930017701866623
Valentin Royer,23.0,175.0,52.0,1983.0,311.0,20260112.0,0.08667321277953689,0.027810271555240424,0.08825012607160868,0.08685886071521506,1632.0,0.06283143017216364,155.0,0.09782150329728247,196.0,31,328.0,2667.0,0.11722930096303763,1.486631312584755
Valentin Vacherot,25.0,155.0,62.0,1862.0,293.0,20260115.0,0.0824678452933848,0.03371877856593189,0.08324382384532761,0.10060991129866483,1235.0,0.04563918573081872,627.0,,,33,202.0,2456.0,0.08177250211962059,1.036989567972949
Vasek Pospisil,75.0,734.0,246.0,5973.0,942.0,20250727.0,0.12012274690940473,0.040839773594247286,0.12288632178134941,0.11951472133285863,5252.0,0.04783856462034233,99.0,0.12651821523011778,622.0,75,498.0,5726.0,0.08644176723043362,1.0962023728218222
Viacheslav Bielinskyi,1.0,1.0,4.0,59.0,8.0,20240201.0,0.07089818312339087,0.039808011146270014,0.01694915254237288,0.07951460778500435,59.0,,,,,1,7.0,61.0,0.08360578319660826,1.0602381332329116
Viktor Durasovic,17.0,91.0,47.0,1056.0,155.0,20250912.0,0.08416364426760742,0.04208233318416067,0.08617424242424243,0.08687994847068475,1056.0,,,,,17,98.0,972.0,0.09441856126358339,1.1973592652224576
Viktor Galovic,2.0,7.0,7.0,158.0,23.0,20190715.0,0.06907216138644517,0.03812164357730813,0.04430379746835443,,,0.04944621022972331,103.0,0.09077278234105571,55.0,2,11.0,150.0,0.07734957464297529,0.9809006684737909
Viktor Troicki,16.0,128.0,44.0,1332.0,210.0,20210612.0,0.09211447231734204,0.03364427085227364,0.0960960960960961,0.09232479340077318,786.0,0.05139650279899061,45.0,0.10022376910674845,501.0,16,122.0,1288.0,0.09096105808864716,1.1535132946246967
Vilius Gaubas,6.0,6.0,15.0,475.0,68.0,20250505.0,0.042905446918441614,0.033453573847014785,0.01263157894736842,0.06555640596100631,233.0,0.03251003698683929,242.0,,,9,31.0,651.0,0.059507389204221134,0.7546368305058503
Vit Kopriva,39.0,144.0,152.0,2913.0,444.0,20251103.0,0.052985893768076185,0.05018770815458435,0.04943357363542739,0.06389925633282287,938.0,0.045010067486174095,1730.0,0.08883971467469821,245.0,49,323.0,3613.0,0.08834843410257573,1.120381572488706
Vitaliy Sachko,11.0,43.0,23.0,820.0,126.0,20251103.0,0.06110021807675116,0.030550718947654047,0.0524390243902439,0.07230482561365846,575.0,0.044761928287675695,245.0,,,11,74.0,784.0,0.08914042741016588,1.1304251540911616
Vladimir Ivanov,1.0,2.0,3.0,68.0,9.0,20210917.0,0.07167150866161626,0.03690572033362807,0.029411764705882353,0.08012223284896794,68.0,,,,,1,14.0,52.0,0.10075722578238144,1.2777423868158067
Vladyslav Orlov,1.0,3.0,3.0,55.0,9.0,20240201.0,0.07591706824975035,0.037960169486017444,0.05454545454545454,0.0846092416995978,55.0,,,,,1,9.0,60.0,0.0881353609861661,1.1176795076966926
William Blumberg,1.0,7.0,2.0,58.0,12.0,20220711.0,0.08415341933108386,0.0355281159741003,0.1206896551724138,,,,,0.09891182525148547,58.0,1,10.0,106.0,0.08209934002694942,1.0411343292500628
William Rejchtman Vinciguerra,1.0,1.0,4.0,66.0,8.0,20250714.0,0.0698331889563013,0.039210036729909734,0.015151515151515152,,,0.046934428638521083,66.0,,,1,8.0,49.0,0.08806740769184056,1.1168177649898117
Wishaya Trongcharoenchaikul,5.0,26.0,16.0,346.0,49.0,20240203.0,0.07713440489763594,0.04057892374817418,0.07514450867052024,0.08408174497887341,153.0,0.06049147343263207,193.0,,,5,15.0,286.0,0.0678458688828519,0.8603804021877518
Yan Bai,1.0,7.0,0.0,92.0,16.0,20190923.0,0.07833793913340734,0.029007880317353525,0.07608695652173914,0.08637643287259553,92.0,,,,,1,2.0,96.0,0.0676255363984605,0.8575862784679563
Yanaki Milev,4.0,9.0,22.0,297.0,44.0,20250912.0,0.05816680925916271,0.05203999586246476,0.030303030303030304,0.08128553446173051,49.0,0.044554697138195716,248.0,,,4,8.0,297.0,0.056732089029607476,0.7194421470307396
Yanki Erel,2.0,17.0,10.0,175.0,29.0,20250912.0,0.08442133226719375,0.04221196020197902,0.09714285714285714,0.09129948691011652,175.0,,,,,2,27.0,203.0,0.09708501833107198,1.2311736660388655
Yannick Hanfmann,156.0,777.0,273.0,11796.0,1855.0,20251103.0,0.06629569252653628,0.023554597992467854,0.06586978636826042,0.08504433140207895,4274.0,0.048589806124072814,6286.0,0.0912601564579342,1236.0,164,993.0,12752.0,0.07790011147001494,0.9878822445736625
Yannick Maden,10.0,28.0,12.0,875.0,126.0,20200203.0,0.046699816512656006,0.020605393816578773,0.032,0.06236375796728891,538.0,0.035103722856921066,337.0,,,10,70.0,801.0,0.08454809829611691,1.0721880051654644
Yassine Dlimi,2.0,0.0,16.0,162.0,22.0,20240914.0,0.05612502856518933,0.05386455002871519,0.0,0.0728895379328891,87.0,0.04393988156958068,75.0,,,2,11.0,171.0,0.07450484422703399,0.944825512540429
Yasutaka Uchiyama,33.0,241.0,79.0,2715.0,428.0,20240918.0,0.08749350435108713,0.029942817693784245,0.08876611418047882,0.09753604572842729,2158.0,0.049953792468528845,218.0,0.07483303919510195,339.0,33,229.0,2703.0,0.08396463617584157,1.0647888903487523
Ye Cong Mo,1.0,1.0,3.0,57.0,10.0,20230920.0,0.07120845963596589,0.037794041829623495,0.017543859649122806,0.0798625929394245,57.0,,,,,1,10.0,74.0,0.08764191150556205,1.1114218789040757
Yen-Hsun Lu,9.0,21.0,28.0,681.0,109.0,20210628.0,0.04860524149272563,0.03910441916386488,0.030837004405286344,0.06062089432571068,433.0,0.046045144727475416,75.0,0.0755700104104369,173.0,9,70.0,657.0,0.09606647687193605,1.2182571373734368
Yi Zhou,13.0,94.0,24.0,978.0,156.0,20250924.0,0.09110469234661568,0.02777349573014364,0.09611451942740286,0.09397474961779173,978.0,,,,,13,84.0,979.0,0.08378699496275302,1.0625361515913467
Yibing Wu,49.0,203.0,102.0,3974.0,603.0,20260107.0,0.053621917250488434,0.02658250505627296,0.05108203321590337,0.05733083460599969,2853.0,0.04516769292564771,682.0,0.07425699161523283,439.0,52,404.0,4010.0,0.09876241860626676,1.2524454449572529
Yoshihito Nishioka,237.0,513.0,365.0,18602.0,2871.0,20260214.0,0.028657102728851507,0.019959576734877273,0.02757767981937426,0.03172823043162949,13578.0,0.022590961747883925,3711.0,0.04162382718340943,1313.0,234,2121.0,18363.0,0.11472271310843876,1.4548442767346799
Yosuke Watanuki,42.0,404.0,169.0,3342.0,521.0,20250924.0,0.11639290915383121,0.04897698479854034,0.12088569718731298,0.11071590925067851,2278.0,0.07551693393152502,512.0,0.1400227058457777,552.0,42,294.0,3359.0,0.08660342273307699,1.0982523904377852
Younes Lalami Laaroussi,3.0,5.0,15.0,173.0,26.0,20250331.0,0.06377358822624156,0.05108530037720408,0.028901734104046242,,,0.04515086168507997,173.0,,,3,10.0,141.0,0.076787922465132,0.9737781341969165
Yousaf Khalil,1.0,4.0,3.0,37.0,7.0,20240914.0,0.08133241659871032,0.03952374626118521,0.10810810810810811,0.09038262007624026,37.0,,,,,1,5.0,44.0,0.08230240102170362,1.0437094263519502
Yshai Oliel,4.0,7.0,5.0,207.0,33.0,20240203.0,0.06349631969297596,0.0317493856938022,0.033816425120772944,0.070011869807771,207.0,,,,,4,20.0,202.0,0.08561838214889769,1.085760699669541
Yu Hsiou Hsu,7.0,24.0,17.0,616.0,92.0,20240203.0,0.05466758469846104,0.030779406610371984,0.03896103896103896,0.05856024111546949,616.0,,,,,7,68.0,581.0,0.10147019985080165,1.2867838940709648
Yuichi Sugita,23.0,70.0,45.0,1738.0,266.0,20210830.0,0.047494043991410856,0.027723048230186127,0.04027617951668585,0.05111205309726841,1351.0,0.04952581689948304,82.0,0.07276824959600049,305.0,23,207.0,1640.0,0.1169324833596257,1.4828672507014748
Yuki Bhambri,6.0,15.0,23.0,455.0,66.0,20230203.0,0.054435398893142,0.04359283873232507,0.03296703296703297,0.05966985549411683,396.0,,,0.08998173412893322,59.0,6,33.0,424.0,0.07832799278353933,0.9933083774050424
Yun seong Chung,2.0,10.0,1.0,154.0,23.0,20230717.0,0.07498603980800796,0.027566565191584718,0.06493506493506493,0.08266375492692629,102.0,,,0.09358764594066449,52.0,2,12.0,143.0,0.08018833527373188,1.0169001191908622
Yunchaokete Bu,56.0,387.0,101.0,4304.0,666.0,20250924.0,0.0889758218651438,0.02450507591754633,0.08991635687732343,0.0940548648927733,3486.0,0.059573575866219725,605.0,0.09184602930698262,213.0,56,430.0,4303.0,0.09813784096398818,1.2445249278806865
Yuta Shimizu,2.0,3.0,6.0,97.0,15.0,20221003.0,0.06950154135540525,0.040788485143134684,0.030927835051546393,0.07968822046575763,58.0,,,0.09180322543321263,39.0,2,2.0,88.0,0.06873415174925494,0.8716450699182509
Zachary Svajda,27.0,133.0,62.0,2387.0,374.0,20250824.0,0.05903920561666179,0.027367017264491544,0.05571847507331378,0.06224348010899926,2291.0,,,0.07923712896205715,96.0,36,265.0,3091.0,0.08494479119267728,1.077218625297649
Zdenek Kolar,3.0,15.0,19.0,395.0,55.0,20220627.0,0.05854373088507724,0.04185141775614835,0.0379746835443038,,,0.04757225245161632,312.0,0.0834401986856736,83.0,3,37.0,335.0,0.0932547837464441,1.1826009404380513
Ze Zhang,3.0,20.0,10.0,258.0,36.0,20191007.0,0.07833171132771491,0.03688735124033121,0.07751937984496124,0.0843422567983541,258.0,,,,,3,16.0,216.0,0.07717900333382534,0.9787375859754073
Zhe Li,7.0,20.0,7.0,550.0,86.0,20230920.0,0.05425501689856464,0.02239144959593467,0.03636363636363636,0.05841811049822842,550.0,,,,,7,44.0,522.0,0.08193304344212192,1.0390254562281345
Zhizhen Zhang,122.0,894.0,244.0,9821.0,1556.0,20260104.0,0.09055300519065027,0.02526874837257978,0.09102942673862133,0.09449087804064911,5881.0,0.06715073871314639,2502.0,0.10897802827267702,1438.0,127,1059.0,10073.0,0.10412892829691936,1.3205002851710417
Zizou Bergs,114.0,767.0,415.0,9261.0,1435.0,20260110.0,0.08265627430427869,0.04443348277778056,0.08282042975920527,0.08962874364876397,6099.0,0.06706266093100499,1969.0,0.07551890518843712,1193.0,124,650.0,10141.0,0.06465631970910125,0.8199324626728551
Zsombor Piros,10.0,50.0,13.0,836.0,122.0,20250912.0,0.06597270716313626,0.022064625498493477,0.05980861244019139,0.07385604742463474,717.0,0.045995074654240506,119.0,,,11,57.0,911.0,0.06753796037653426,0.8564756921609697
Zura Tkemaladze,2.0,0.0,6.0,147.0,18.0,20240203.0,0.05766410613096235,0.03706010441707118,0.0,0.06489434181593601,147.0,,,,,2,2.0,136.0,0.06257885457767987,0.793587302462885
